word,freq,joinable,trim_first_letter
ގެ,1187,1,
ން,874,1,
އަށް,753,1,1
އެއް,539,1,1
ތައް,397,1,
ވަންތަ,388,1,
އީ,357,1,1
ގައި,285,1,
ވެ,272,1,
އާއި,238,1,1
ވި,226,1,
ންގެ,219,1,
ގެފާނު,218,1,
ތަކުގެ,203,1,
އަށެވެ,196,1,1
އެވެ,194,1,1
އަކު,179,1,1
ކުރާ,173,,
އާ,171,1,1
ންނަށް,168,1,
ކޮށް,153,,
ގެފާނުގެ,144,1,
ތަކަށް,138,1,
އަކަށް,127,1,1
ކުރައްވާ,123,,
ވެގެންވާ,120,,
އެއްގެ,109,1,1
ވާ,103,1,
ގައެވެ,103,,
ވެއްޖެ,103,,
ކުރެއްވިއެވެ,102,,
އަކީ,102,1,1
ގެފާނަށް,93,1,
ފިޔަވައި,90,,
ކަން,89,,
އާއަށް,89,1,1
ވެރިން,88,1,
ދުވަހުން,87,,
އާމެދު,84,1,1
ހުށްޓެވެ,82,,
ކުރާށެވެ,82,,
ގެފާނާއި,78,1,
ފުޅު,77,1,
ތެރި,77,,
ވެރިވާށެވެ,73,,
ކުރެއްވީމެވެ,71,,
އަށާއި,70,1,1
ގެފާނެވެ,66,1,
އާގެ,59,1,1
އަކުން,58,1,1
ތަކުން,57,1,
ންނާއި,57,1,
ވީ,56,,
ކުރައްވައި,54,,
ންނެވެ,52,1,
ވެރި,52,,
ކުރަނީ,51,,
ވެރިންގެ,51,1,
ވޮޑިގެންވެއެވެ,51,,
އެކެވެ,50,1,1
ކުރެއްވި,50,,
ކުރައްވާށެވެ,50,,
ގޮތުގައި,49,,
ކުރައްވާފައިވާ,49,,
ގެމީހުންނޭވެ,48,1,
ދެއްވާ,48,,
ވެރިންނަށް,47,1,
ދުވަހަށް,44,,
ކުރައްވާނެތެވެ,44,,
ވިމީހުން,43,,
ގެމީހުންގެ,42,1,
ވަނީ,42,,
ވާށެވެ,40,,
ވެގެން,40,,
ކުރެތެވެ,38,,
ގެމީހުން,37,1,
ފުޅުން,35,1,
ކުޅަ,35,,
އާއެކު,34,1,1
ތިޔަބައިމީހުންނަށް,34,,
ންނާ,33,1,
ތަކާމެދު,32,1,
އެއުރެންނަށް,31,,
ވުމުގެ,31,,
ކުރައްވަމެވެ,30,,
ދެނެވޮޑިގެންވަނީ,30,,
ކުރުމަށް,29,,
ންތަކެއް,28,1,
ތަކެއް,28,1,
ގައިވާ,28,,
ކުރައްވާހުށީ,28,,
ގެމީހުންނަށް,28,1,
ވެރިންނެވެ,27,,
އެއްކަމުގައި,26,1,1
ކުރައްވަތެވެ,26,,
ކަމުގެ,26,,
ނުވާ,26,,
ހުރީ,25,,
އަކާ,25,1,
ވޫއެވެ,25,,
ފުޅަށް,25,,
ވެއްޖައީމުއެވެ,25,,
ދެއްވި,24,,
ގަންދީ,24,,
އެއުރެންގެ,23,,
ދޭނޭ,23,,
ތަކެވެ,23,1,
ތަކާއި,23,1,
ވަންތަކަމާއެވެ,22,,
ވުމަށް,22,,
އޭ,22,,
ވަންތަކަމުގެ,22,,
އަށްޓަކައި,22,,
ވެގެންވަނީ,22,,
ދެއްވީމެވެ,22,,
ލިބިގެންވާ,22,,
ވެގެންނެވެ,21,,
އިން,21,1,
އަކާނުލައި,21,,
ދެނެވޮޑިގެންވެތެވެ,21,,
ދެއްވާނެތެވެ,21,,
ކުރެއްވިހިނދު,20,,
ލެއްވިއެވެ,20,,
ނުކުރާށެވެ,20,,
ބާވައިލެއްވި,20,,
ދޭ,20,,
ތެދުމަގެއް,20,,
ކުރެއްވުމަށްޓަކައެވެ,20,,
ވެގެންތިބި,19,,
އެއްވެސް,19,1,1
ގެފާނަށާއި,19,1,
ތެރިވެގެންވާ,19,,
ންނަށާއި,19,,
ވެރިންނޭވެ,19,,
ވިދާޅުވާށެވެ,19,,
ފުދެއެވެ,19,,
ވަންތަކަން,18,,
ކުރުން,18,,
ވެއްޖެނަމަ,18,,
ފުޅާއެކު,18,,
ވުމަށްޓަކައެވެ,18,,
ބާގައިމީހުން,18,,
ގޮތް,17,,
ވުން,17,,
އަކަށްމެ,17,,
ކުރައްވާފައިވެއެވެ,17,,
ވެރިވެ,17,,
ދޭށެވެ,16,,
އެކަލާނގެ,16,,
ދީ,16,,
ވަންތަކަމުން,16,,
ކޮށްފިނަމަ,16,,
ކަނޑައަޅުއްވާފައިވާ,16,,
ކުރާހުށިކަމެވެ,16,,
ލިބިވޮޑިގެންވާ,16,,
ކަމުގައި,16,,
ތެދެވެ,16,,
ކަމުން,16,,
ފިރިހެނުންނާއި,16,,
ބާގައިމީހުންނާއި,16,,
ތެރިންނަށް,15,,
ނުވެއެވެ,15,,
ންތައް,15,,
އާއިގެން,15,1,1
މެނުވީ,15,,
ކުރެއްވީ,15,,
ލިބުމަކީ,15,,
ދެއްވައި,15,,
ތިޔަބައިމީހުން,14,,
ކުރި,14,,
ނުވާށެވެ,14,,
ބާވައިލެއްވީ,14,,
ވެރިކަން,14,,
ދެއްވަތެވެ,14,,
ތެރިންގެ,14,,
އިރާދަކުރެއްވިނަމަ,14,,
މަގުން,14,,
ގެދަރިންނަށް,14,1,
ކުރައްވާފައިވަނީ,14,,
އަކާއި,14,,
ކަމާއިގެން,14,,
ގެދަރިން,14,1,
ދުވަސް,14,,
ދެއްވާށެވެ,13,,
ތެރިން,13,,
ންނަކީ,13,,
ކަމަށް,13,,
ކުރައްވާނޭ,13,,
ކުރައްވައިފިއެވެ,13,,
ކުރައްވަނީ,13,,
ލޯބިވެވޮޑިގެނެއް,13,,
ކުރައްވައިފިނަމަ,13,,
އާއެވެ,13,1,1
ތަކާއިގެން,12,1,
ތެރިޔަކު,12,,
ވޮޑިގެންވަނީ,12,,
ކުރައްވާހުށީމެވެ,12,,
ތިމަންރަސްކަލާނގެ,12,,
ވެފައިވާ,12,,
ވެރިންނާއި,12,,
ކޮށްއުޅޭ,12,,
އަކަށްވެސް,12,,
ކުރެއްވުމަށް,12,,
އަކީމެވެ,12,,
ގެމީހުންނާއި,12,1,
ފުޅަކީ,12,,
ވެރިވުމަށްޓަކައެވެ,11,,
ތަކުންނަށް,11,1,
ތެދުމަގު,11,,
ންވާ,11,,
ގަދަފަދަވެގެންވާ,11,,
ނޫން,11,,
ލޯބިވެވޮޑިގެންވެތެވެ,11,,
އެ,11,,
ދެއްވިއެވެ,11,,
ކުރާމީހާ,11,,
ގައްޔާއި,11,1,
ދެއްވާފައިވާ,11,,
ބަސްފުޅު,11,,
ވެރިވާ,11,,
ވިމީހުންނަށް,11,,
ކިޔައި,10,,
ދީބަލާށެވެ,10,,
ގެދަރިންނޭވެ,10,1,
ވުމަށްފަހު,10,,
ލައްވާ,10,,
ވާހުށީ,10,,
ވެއްޖެމީހާ,10,,
ލިބުމަށްޓަކައެވެ,10,,
ވެރިވި,10,,
އާއާއި,10,1,1
ކުރާމީހުން,10,,
ދެއްވާނދޭވެ,10,,
ގެފާނުންގެ,10,1,
ތިޔަބައިމީހުންގެ,10,,
ތެރިވެ,10,,
ތެރިކަން,10,,
ވެގެންވެއެވެ,10,,
ދެއްވަނީ,10,,
އަޅުންގެ,10,,
ބާގައިމީހުންގެ,10,,
ލެއްވި,10,,
ކުރުމަށްޓަކައެވެ,10,,
އެއްނެތެވެ,10,1,1
ދުވަހުގެ,9,,
ތަކަށްޓަކައި,9,1,
ވެރިންނާ,9,,
ބެއްލެވުން,9,,
ވެގެންހުރި,9,,
އިރާދަކުރައްވާ,9,,
އެއްނެތި,9,1,1
ވެސް,9,,
ތެދު,9,,
އިރާދަކުރައްވަނީ,9,,
ކަމާއި,9,,
ކޮށްދެއްވަތެވެ,9,,
ސޫފީގެ,9,,
ވަންތަކަމާއި,8,,
ތެރިކަމުގެ,8,,
ވާނީ,8,,
ދެއްވުމަށް,8,,
ކުރައްވާކަން,8,,
ންވެސް,8,,
އަށްވުރެ,8,,
ންނީ,8,,
ހަނދުމަކުރާށެވެ,8,,
ގައިވެސް,8,,
އަންނާނީ,8,,
އަންހެނުން,8,,
ތަކުގައި,8,1,
ނުކުރާހުށިކަމެވެ,8,,
ވާމީހާ,8,,
ކުރައްވާފައެވެ,8,,
ވިއެވެ,8,,
ކުރައްވާނދޭވެ,8,,
އެއްވެއެވެ,8,1,1
ހުރިކަމުގެ,8,,
އެއްގައި,8,1,1
ކުޅަމީހުން,8,,
އެއުރެން,8,,
ތެރިވާ,8,,
އަކާއިގެން,8,,
ތަކާ,8,1,
ކުރާނަމަ,8,,
ކުރެއްވުމަށެވެ,8,,
ވެފައި,8,,
ތެރިކަމާއި,8,,
ކޮށްފިމީހާ,8,,
ކޮށްއުޅުނު,8,,
ވެވަޑައިގަންނަވާށެވެ,8,,
ވެއްޖައީމެވެ,8,,
ދަންނަވަތެވެ,8,,
ގެފާނީ,8,1,
ގެދަރިޔަކު,8,1,
ތެދުކަން,8,,
ފުޅުތައް,7,1,
ބާވައިލެއްވީމެވެ,7,,
އިރާދަކުރެއްވިއްޔާ,7,,
ފުޅާލައިގެން,7,,
އާއާ,7,1,1
ވެރިންކުރެ,7,,
ވިމީހުންގެ,7,,
އާއީ,7,1,1
ހަނދުމަކޮށް,7,,
ވެގެނެއް,7,,
ފުޅާ,7,,
ތަކުންގެ,7,1,
ނުކުރާ,7,,
ދޭނެ,7,,
ކުރެއްވުން,7,,
ތަކަށާއި,7,1,
ވެރިވާނަމަ,7,,
ދެއްވުން,7,,
ންނަށްޓަކައި,7,,
އާއަށާއި,7,1,1
ވާނެ,7,,
ވެއްޖެއެވެ,7,,
ކުރާނެތެވެ,7,,
ދުވަހު,7,,
އައިހިނދު,7,,
ބުންޏެވެ,7,,
އަންހެނުންނަށް,7,,
ފުޅުގައި,7,,
ވެއްޖައީމުއޭ,6,,
ވާށޭ,6,,
ކަމެއްގައި,6,,
ވެވޮޑިގެންވާ,6,,
ލިބޭނޭ,6,,
ގެފާނާ,6,1,
މިލްކުވެގެންވަނީ,6,,
ވެތެވެ,6,,
ތަކަކީ,6,1,
ރަނގަޅު,6,,
ތެރިޔެކެވެ,6,,
ވެރިކަމުގެ,6,,
ތެރިންދެކެ,6,,
ތަކުގައިވާ,6,1,
ންކުރެ,6,,
ވުންވަނީ,6,,
ލައްވާފައިވާ,6,,
ލެއްވުމަށްޓަކައެވެ,6,,
ކުރަން,6,,
އަކީވެސް,6,,
ދެނެވޮޑިގަތުން,6,,
ވެއެވެ,6,,
ވެރިވުމަށް,6,,
ވާނަމަ,6,,
ލެއްވީމެވެ,6,,
އެއްގައިކަން,6,1,1
ވާކަން,6,,
އަންހެނުންނާއި,6,,
ކުރެއްވުމަށާއި,6,,
ވިމީހާ,6,,
ކުރުމަށްޓަކައި,6,,
ތަކުގެވެރި,6,1,
ނުވެ,6,,
ވެވަޑައިނުގަންނަވާށެވެ,6,,
ގޮތުން,6,,
ވާނެތެވެ,6,,
އަންގަވާނެތެވެ,6,,
ކުރައްވާނެ,6,,
ކުރާމީހުންގެ,6,,
ފަރުބަދައިގެ,6,,
އައިސް,6,,
ފުޅެވެ,6,,
ސޫފި,6,,
ތައްކޮށް,6,,
ތައްކުޅަ,6,,
ންނޭވެ,6,,
ގަންދެއްވައި,6,,
ދުވަހާމެދު,6,,
ންތަކަށް,6,,
ދުވަހަކީ,6,,
ދުވަހާ,5,,
ކުރެއްވިޔަސް,5,,
ކަލޭގެފާނު,5,,
ކޮށްކޮށް,5,,
ކުރާށޭ,5,,
ތަކަށެވެ,5,1,
ކޮށްދެއްވާށެވެ,5,,
ދެނެވޮޑިގެންވާކަން,5,,
ވެގަތް,5,,
ދެއްވުމުގައި,5,,
ލައްވާނެތެވެ,5,,
ކުރާކަން,5,,
ކޮށްފި,5,,
ލައްވައި,5,,
ވެއްޖައުމަށް,5,,
ގެތެރެއިން,5,1,
ވުމެއް,5,,
ދެނެވޮޑިގެންވެއެވެ,5,,
ތެރިވުން,5,,
ދިނުން,5,,
ވަންތަވެރި,5,,
ތެރިވާނޭ,5,,
ފުޅުގެ,5,,
ކުރުމުގައި,5,,
ލައްވާނދޭވެ,5,,
ދޭނީ,5,,
ގެފާނާމެދު,5,1,
އިންގެ,5,1,
ވުމުގައި,5,,
ވެރިންދެކެ,5,,
ވެރިވުން,5,,
ވީހެއްޔެވެ,5,,
ކުރަމުއެވެ,5,,
ވަމުއެވެ,5,,
ވެރިންނަށެވެ,5,,
ލެއްވުން,5,,
ދެއްވާނަމަ,5,,
އެކޭ,5,,
ތިމަންމެންނަށް,5,,
ކުރައްވާނެކަން,5,,
ކުރުމަށްފަހު,5,,
ކުރުމުގެ,5,,
މަގުފުރައްދަވާ,5,,
ލައްވާފައިވެއެވެ,5,,
ކުރާހުށީމެވެ,5,,
ންނަކަށް,5,,
ބަޔަކު,5,,
ތަކަކަށް,5,1,
ދެއްވުމަށެވެ,5,,
ންކަން,5,,
އަތުވެއްޖެނަމަ,5,,
ކުރުމަށާއި,5,,
ކަންބޮޑީ,5,,
ގެދަރިޔަކަށް,5,1,
ވުމަށާއި,5,,
އިރާދަކުރެއްވި,5,,
ކުރޭހެއްޔެވެ,5,,
ފޮނުއްވި,5,,
ކުރައްވައިފީމެވެ,5,,
ވެވުނު,5,,
ތައްކުރި,5,,
ކިޔަތެވެ,5,,
ދެއްވުންވީ,5,,
ކުރެއްވުމަށްޓަކައި,5,,
ވެވޮޑިގެންވެއެވެ,5,,
ތަނަވަސްކޮށްދެއްވަތެވެ,5,,
އޭނާގެ,5,,
ހުސް,5,,
ތަކާމެދުގައި,5,1,
ކުރަމުން,5,,
ނުކުރަނީ,5,,
އިރާދަކުރައްވައިފިނަމަ,4,,
ކުރެއްވޫއެވެ,4,,
ފަރުބަދަ,4,,
ވެވޮޑިއެއް,4,,
ހިއްޕެވިހިނދު,4,,
ހެއްޔެވެ,4,,
ވާނޭ,4,,
ތެދުބަސްފުޅެވެ,4,,
ދެކެ,4,,
ދިން,4,,
ލޯބިވެވޮޑިގެންވެއެވެ,4,,
އެމީހަކަށް,4,,
ކޮށްދެއްވަނީ,4,,
ވިޔަސް,4,,
ވެރިވުމަށާއި,4,,
ކަންބޮޑު,4,,
ކުރުމުން,4,,
ވެފައެވެ,4,,
ވެވަޑައި,4,,
ހަނގުރާމައިގެ,4,,
އެއްމެ,4,1,1
ވެވަޑައިގެން,4,,
އަކާއިގެންނެވެ,4,,
ވީނަމަ,4,,
ދެނެވޮޑިގެންވެ,4,,
ންނާމެދު,4,,
އަކުކަމުގައި,4,,
އެއްވާނަމަ,4,1,1
ކަނޑައަޅުއްވައި,4,,
ލައްވަތެވެ,4,,
ވެރިޔަކު,4,,
ބާވައިލައްވާފައިވާ,4,,
ދެނެވޮޑިގެންވާ,4,,
ގަދަފަދަ,4,,
ވެރިޔަކުވެސް,4,,
ކުރާނީ,4,,
ބަސް,4,,
ހެކިވެވޮޑިގެންވެއެވެ,4,,
ކުޅަމީހުންނަށް,4,,
ދޭނަމަ,4,,
ވެއްޖެކަން,4,,
މުދާ,4,,
ހުރި,4,,
ގެމަގުން,4,1,
ކޮށްފައިވާ,4,,
ންނަށްވެސް,4,,
ނޫންފަރާތަކަށް,4,,
ވީހިނދު,4,,
ތަކަށްވާ,4,1,
ނުވި,4,,
ހާދަހާ,4,,
އަކާއެކު,4,,
މި,4,,
އައެވެ,4,,
ކަމެއް,4,,
ކުރެއްވުންވަނީ,4,,
ގެމީހުންކުރެ,4,1,
ވެރިވެގަތް,4,,
ނުވިނަމަ,4,,
ފުޅުތަކުން,4,,
ދެއްވާހުށީމެވެ,4,,
ފުދެތެވެ,4,,
ލައްވާހުށްޓެވެ,4,,
ވާހަކަތައް,4,,
ކުރޫއެވެ,4,,
ގެމީހުންނެވެ,4,1,
ދެއްވައިފިނަމަ,4,,
ދެންނެވިއެވެ,4,,
ވެވަޑައިގަންނަވާ,4,,
ކޮށްބަލާށެވެ,4,,
އިރާދަކުރައްވާނަމަ,4,,
ބަހުންވާ,4,,
ނުކޮށް,4,,
ތެރިކުރެއްވިއެވެ,4,,
ންކަމުގައި,4,,
ކުރެއްވުމުގެ,4,,
ވެސްމެއެވެ,4,,
ނުކުރައްވާށެވެ,4,,
ގެގޮތުން,4,1,
ހަލާކުކުރެއްވިކަން,4,,
ކިޔާ,4,,
ކަމެއްގައެވެ,4,,
ދެއްވުމެއް,4,,
ގެދަރިންކުރެ,4,1,
ންވަނީ,4,,
އަށްޓަކައެވެ,4,,
ދުވަހުގައި,4,,
ވާފަދަ,4,,
އެއްގައެވެ,4,1,1
ދުވަހެވެ,4,,
ލެހެއްޓެވީމެވެ,4,,
ތައްވީ,4,,
ހަނދުމަކުޅައުމަށް,4,,
ންވެއެވެ,4,,
ނުކުރެއްވިޔަސް,3,,
ވެރިކަމުގައި,3,,
ވަނިވި,3,,
ވަކިކުރަނިވި,3,,
ތަކެތިން,3,,
އިންނާއި,3,1,
އެއްނެތް,3,1,1
ހިއްޕަވައި,3,,
ވިހިނދު,3,,
ވީމުއެވެ,3,,
ކުޅައީމުއެވެ,3,,
ވުމެވެ,3,,
ވެވަޑައެއް,3,,
ވެވަޑައިގެންފިނަމަ,3,,
ލައްވައިފާނދޭވެ,3,,
ތިޔަބައިމީހުންނަށްޓަކައި,3,,
ކުރަނީހެއްޔެވެ,3,,
ފުރިހަމަ,3,,
ކުރުމަކުން,3,,
އުޑުން,3,,
ކުރައްވާފައިވާކަން,3,,
އަށްފަހު,3,,
ކުޅައުމަށް,3,,
މޮޅަށް,3,,
ވުމާއި,3,,
ވެއްޖައުމަށްދާނދެން,3,,
ކޮށްގެން,3,,
ހުރިގޮތް,3,,
ކުރުމެވެ,3,,
ވެއްޖައޫއެވެ,3,,
އަކުނުވާ,3,,
ކުރުމެއް,3,,
އާޔަށް,3,1,1
ދޫކޮށް,3,,
ބެއްލެވުމަށް,3,,
އެއްވާކަން,3,1,1
ކުރެއްވުމުގައި,3,,
ފުޅުގައެވެ,3,,
ންދެކެ,3,,
ފުޅެއް,3,,
ފުޅެއްގެ,3,,
އުވާލައި,3,,
ނުކުރައްވާހުށްޓެވެ,3,,
ބާވައިލެއްވުމުގެ,3,,
އިރާދައެއް,3,,
ހަނގުރާމައިގައި,3,,
ލިބޭނެކަމުގެ,3,,
ލިބުމެއް,3,,
އެނބުރި,3,,
ޖަޒާ,3,,
ލިބޭ,3,,
ވެރިކަންވަނީ,3,,
ކަނޑައަޅަންޖެހޭ,3,,
ކަށަވަރު,3,,
ލެއްވުމަށެވެ,3,,
ވެރިވެގެންވާ,3,,
ކުރެއްވިނަމަ,3,,
ވެއްޖައީހެވެ,3,,
ބައްލަވާ,3,,
ވެރިކަމާއި,3,,
އަޅަކު,3,,
ކުރާނޭ,3,,
އަންހެނުންނާ,3,,
ދެއްވުމުން,3,,
ތެރިވުމުގެ,3,,
އޭނާޔަށް,3,,
އެއުރެންނާ,3,,
ނުކުރާމީހާ,3,,
ތައްވަނީ,3,,
ވަންތަކަމެވެ,3,,
ފުޅުވަނީ,3,,
ކުރިއެވެ,3,,
ވެގެންވީ,3,,
ގެފާނަކީ,3,1,
ކުރާނެހެއްޔެވެ,3,,
ތެރިޔަކުވެސް,3,,
ބެއްލެވުމުގެ,3,,
ކުރައްވަމުން,3,,
ވެތިބެ,3,,
ނުވާނެ,3,,
އަކުނުވެއެވެ,3,,
ންނަށެވެ,3,,
އާއަކީ,3,1,1
ކޮށްފައި,3,,
ކުރާނޫއެވެ,3,,
އައުމުން,3,,
މަތިވެރިވެ,3,,
ގެބޮޑުން,3,1,
ވެރިވިމީހުން,3,,
ސިއްކަގައްސަވަނީ,3,,
ކުރެއްވުމުން,3,,
މަގު,3,,
ދިނުމަކަށް,3,,
ވެވޭ,3,,
ނުދައްކާށެވެ,3,,
ކުރެއްވުމެއް,3,,
ވުމަށްޓަކައި,3,,
ގެއްލެނި,3,,
ދިނީހެވެ,3,,
ދެކޭހިނދު,3,,
ފުޅުތަކަށް,3,,
ފެނިއްޖައުމަށް,3,,
ވުމުން,3,,
ތަކުންނާއި,3,1,
ރަނގަޅީ,3,,
އަންނަ,3,,
ހެއްދެވިކަމަށް,3,,
ތަކެކެވެ,3,1,
ދުވަހުންވެސް,3,,
ބާގައިމީހުންނަށް,3,,
ބަހުންއޮތް,3,,
އިޖާބަކުރައްވައި,3,,
ތިމަންމެންގެ,3,,
ލިބެނިވި,3,,
ހަނދުމަކުރުމުން,3,,
އެއީ,3,,
ކޮށެއް,3,,
ވެތިބޭ,3,,
އިއްވަވަނީ,3,,
ކިޔަވައި,3,,
ލިބުނު,3,,
ކުއްޖާ,3,,
ޖެހިފައިވާ,3,,
ވީކަމުގެ,3,,
ނުކުރައްވާ,3,,
ތައްކުޅަމީހުން,3,,
ކުރިމީހާ,3,,
ދިނުމަށް,3,,
ހަލާކުކުރެއްވިން,3,,
ސޫފިތަކަށް,3,,
ންނާއެކު,3,,
އަވަސްވުމަށް,3,,
ނުވާމީހުން,3,,
ންނެއް,3,,
ވެގެންވާގޮތުގައި,3,,
ވެރިވާމީހާ,3,,
ފުދިވޮޑިގެންވެއެވެ,3,,
ދެއްވުމަށްޓަކައެވެ,3,,
ގެފާނުވަނީ,3,1,
ންނީމުއެވެ,3,,
އައުމުގެ,3,,
އޭނާ,3,,
ންއައި,3,,
ބިމަށް,3,,
ވެރިންވަނީ,3,,
ކިޔައިފިއެވެ,3,,
ފެށޭތާނގައިވާ,2,,
އެކުލެވިގެންވަނީ,2,,
އިރާދަކުރެއްވީ,2,,
ހަމަވުމުން,2,,
ނުކުރައްވަން,2,,
ލައްވައިފިއެވެ,2,,
ކުރެއްވުމޭ,2,,
ފުޅަކާ,2,,
ބޭކަލުން,2,,
ވެރިވުމުގެ,2,,
ކުރައްވާފައިވާނަމަ,2,,
ފުޅަށެވެ,2,,
ވެރިވެގެން,2,,
ދީނާއިގެން,2,,
ވެރިންނާމެދު,2,,
ތަކަކުން,2,1,
ދެއްވައިފާނދޭވެ,2,,
ގެފާނުވެސް,2,1,
ހޯދިކަމެއް,2,,
ވާންވީ,2,,
ގޮތްކަން,2,,
ލިބުމުގައި,2,,
ފެންނަހިނދު,2,,
ފުއްދާ,2,,
ކުރެވޭ,2,,
ތެރިކަމާއެކު,2,,
ވާހިނދު,2,,
ކަނޑައެޅިގެންވާ,2,,
ހަމަކުރުން,2,,
ވާހުށިކަމެވެ,2,,
ވެރިވެއްޖެ,2,,
ކުރުމަށްވުރެ,2,,
ތެރިވާށެވެ,2,,
ގެތެރޭގައި,2,1,
ޔަށް,2,,
ކުރަނިވި,2,,
ކުޅައުމަށްޓަކައެވެ,2,,
ފިރިހެން,2,,
ގޮވައިލައްވަނީ,2,,
ލޯބިވެ,2,,
ދެއްވާނެއެވެ,2,,
ނުވުމަށް,2,,
ނުވަތަ,2,,
އަންގަވާފައިވާ,2,,
ކުރައްވައެވެ,2,,
ވެގެންވެތެވެ,2,,
ހަމައިގެމަތިން,2,,
ހަމައިގެ,2,,
ވެރިކަމާ,2,,
ތެރިކަމެއްވެސް,2,,
އަކަށްވުރެ,2,,
ކެއުން,2,,
އިތުރު,2,,
އޮތް,2,,
ވެރިވާހުށިކަމެވެ,2,,
އައްސަވާވޮޑިގެންވާ,2,,
އުފުލިގެންވާ,2,,
ބަލިޖެހިފައިވާ,2,,
ވާބަޔަކުކަމުގައި,2,,
ވެއުޅުނު,2,,
ފަދައެވެ,2,,
ވަންތަކަންވަނީ,2,,
ކަލޭގެފާނަށް,2,,
އެމީހަކު,2,,
ވެރިވެއްޖެމީހާ,2,,
ކުރާނެ,2,,
ގެނެސް,2,,
ވުމަކީ,2,,
އެކަންތަކެއް,2,,
އެދޭމީހާ,2,,
ބައްދަލުވީ,2,,
ތެރިވި,2,,
ކަމަށްވުރެ,2,,
ކަމާ,2,,
ކުޅައީ,2,,
ބައްލަވަނިވި,2,,
މަގެއް,2,,
ވެއްޖައީމޭ,2,,
ކޮށްދެއްވުމަށެވެ,2,,
ކުރައްވާށޭ,2,,
ވެރިވާނޭ,2,,
ވާން,2,,
ތަކެއްގެ,2,1,
އިއްވަވާށެވެ,2,,
އިއްވަވާ,2,,
ހެޔޮކަން,2,,
ނުވާނަމަ,2,,
ގެމީހުންނާ,2,1,
ނުކުރިނަމަ,2,,
ކުރެވޭގޮތުގައި,2,,
ބަލައި,2,,
ތައްވެސް,2,,
ވުމަކުން,2,,
ލިބިގަތުމަށް,2,,
ކުރައްވާނީ,2,,
ވަމުއޭ,2,,
އިއްވެވީމެވެ,2,,
ބަސްމެނުވީ,2,,
ސޫފިތައް,2,,
ބަނދެގެންތިބެ,2,,
ގެފުޅަށް,2,,
ތަކެތީގެ,2,,
އިންނޭ,2,1,
ކޮށްދެއްވާ,2,,
ތެރިކޮށް,2,,
ފޮނުއްވިއެވެ,2,,
ކަމާއިގެންނެވެ,2,,
ވެރިވީނަމަ,2,,
ކޮށްފުމަށްދާނދެން,2,,
ގޮތަށް,2,,
ނުވާންވީ,2,,
ކުރެއްވުމުގެކުރިން,2,,
ކުރައްވާފައި,2,,
ދެނެވޮޑިގެންވާކަމާއި,2,,
ގެފާނޭވެ,2,1,
މިއަޅާޔަށް,2,,
އާއެކުގައި,2,1,1
އަކުކަން,2,,
ތަކަށްވެސް,2,1,
އެކޭވެސް,2,1,1
ނުކުރަނީހެއްޔެވެ,2,,
ދިނަސް,2,,
އާމެދުގައި,2,1,1
ކުޅަކަމާމެދު,2,,
ވީހެވެ,2,,
ކުރައްވައިފާހުށީމެވެ,2,,
ލިބިގަންނަ,2,,
ސޫފިތަކެވެ,2,,
ތެރިއެކެވެ,2,,
ބަކަރީގެ,2,,
ފުދިއްޖައުމަށް,2,,
ވެގެންނޭ,2,,
ގޮތުގައެވެ,2,,
ކަމުގައިވާ,2,,
ތެރިއެއް,2,,
ކަމަކަށް,2,,
ކޮށްދެއްވަމެވެ,2,,
ދެއެވެ,2,,
ތެރިންތަކެއް,2,,
ތެރިންނާ,2,,
ބާވައެއް,2,,
ތެރިވީމެވެ,2,,
ވެގަންނަ,2,,
ކުރައްވައިފުމަށް,2,,
އިރާދަކުރައްވައިފިއްޔާ,2,,
ވަގުތުގައި,2,,
އަތުވެދާނެ,2,,
އުފެއްދުމަށް,2,,
ފިއްލަވައިފިނަމަ,2,,
ކޮންމެ,2,,
ނަބިއްޔާ,2,,
ހައްދަވާފައިވާ,2,,
މަގުފުރައްދަވާމީހާ,2,,
ދަރިއަކު,2,,
އެއްމެއެވެ,2,1,1
އާއަށެވެ,2,1,1
ސާބިތުކުރައްވައި,2,,
ކަމެއްގެ,2,,
ތެރިވުމަށް,2,,
ތެރިކަމެއް,2,,
ތެރިވިއެވެ,2,,
އަކާމެދު,2,,
ދިނީ,2,,
ބަޔެއްގެ,2,,
ބާވައިލެއްވިއެވެ,2,,
ދެއްވީ,2,,
ތިމަންނާއަށް,2,,
އަޅަމެންނަށް,2,,
ކުރުވިޔަ,2,,
ވެފައިކަން,2,,
އަންހެނުންނީ,2,,
ވީކަމަށްޓަކައެވެ,2,,
އާވެސް,2,1,1
ހެކިވެވޮޑިގެންވެތެވެ,2,,
ވެގަތުމަށް,2,,
ފުއްދުމުގައި,2,,
ތެރިއެއްގެ,2,,
ހެއްދެވި,2,,
ތަކެއްވާކަން,2,1,
ތަކެއްޗަށް,2,,
ދަރިކަލަކު,2,,
ނުދޭށެވެ,2,,
ކޮށްފީމެވެ,2,,
ވެގެންކަން,2,,
އެއްގައިވާނަމަ,2,1,1
ހުރިކަމަށް,2,,
ދެއްވާހުށްޓެވެ,2,,
ނުދެއްވާ,2,,
އަކަށެވެ,2,,
އަކަށްފަހު,2,,
ދެއްވަން,2,,
އިއްވެވިއެވެ,2,,
ބަސްފުޅެވެ,2,,
ތަކެއްވެއެވެ,2,1,
ގެމީހުންނާމެދު,2,1,
ވެރިންނާއެކު,2,,
ބާގައި,2,,
ކޮށްލާށެވެ,2,,
ކުރުމަކީ,2,,
ގައިކަން,2,,
އިއްވަވައި,2,,
ވެވޮޑިގަތެވެ,2,,
ޖައްސަވަތެވެ,2,,
ލިބިގަންނަކަން,2,,
ތަނަވަސްކޮށްދެއްވައި,2,,
މާގަދައެވެ,2,,
ވީމެވެ,2,,
ޖައްސަވަނީ,2,,
ކުރައްވައިފޫއެވެ,2,,
މެނުވީއެވެ,2,,
ކުރައްވަމުންނެވެ,2,,
ތެރިކުރެއްވީ,2,,
ކުރެއްވުމެވެ,2,,
ސޫފީގައި,2,,
ދެއްކުމަކަށް,2,,
އާއަކަށް,2,1,1
ބަހެވެ,2,,
އެއުރެންނަށްހުށްޓެވެ,2,,
ވެވުމަށްފަހު,2,,
ދެއްކެވިއެވެ,2,,
ކަމެކޭ,2,,
ތައްކުރާ,2,,
ދެއްވުމަކަށް,2,,
ގެފާނަށްފަހު,2,1,
މާބޮޑެވެ,2,,
ތެރިކުރައްވާފައިވާ,2,,
ކުރެއްވީހެއްޔެވެ,2,,
ފަދަ,2,,
ވިސްނުމަށް,2,,
ންކަމަށް,2,,
ނަމާދާއި,2,,
ނަމާދު,2,,
ފަސްނަމާދުގެ,2,,
ދެނިވި,2,,
ތެދުގޮތް,2,,
ބަޔާންކުރެއްވީމެވެ,2,,
ކުރީ,2,,
އައީ,2,,
ކިޔަވައިދެއްވާހިނދު,2,,
ހަލާކުކޮށްލައްވަނީތޯއެވެ,2,,
ކޮށްދެއްވާނެތެވެ,2,,
ކުރުމަށެވެ,2,,
ޖައްސަވައިދެއްވާށެވެ,2,,
ކުއްޖާއަށް,2,,
ގެފާނާއެކުގައި,2,1,
ވެރިވީ,2,,
ތެރިންކަމުގައި,2,,
ކުރެއްވުމަކުން,2,,
ދެންނެވުމަށްޓަކައެވެ,2,,
ކުރައްވާހުށީވެސް,2,,
ދިނުމުގެ,2,,
ކުރެއްވީކަން,2,,
ބާވައިލައްވައި,2,,
އޭގައި,2,,
ނުވަނީ,2,,
ތެދުމަގާއިގެން,2,,
ރައްކާތެރިކުރެއްވި,2,,
ވެހުރެ,2,,
އެއްކަން,2,1,1
ފެށި,2,,
ކަތިލުމާއި,2,,
ތެރިކުރެއްވީމެވެ,2,,
ތަކެއްޗެވެ,2,,
ކުރައްވައިފައެވެ,2,,
ތަކުންނާމެދު,2,1,
ވެރިކަމެއް,2,,
އެމީހުންނަށް,2,,
ކޮށްދެނިވި,2,,
އާހަމައަށް,2,1,1
ލިބިގަންނަހުށިކަމެވެ,2,,
ވާމީހުންނަށް,2,,
ންތަކެކެވެ,2,,
ގެރަހަ,2,1,
ބާވައިނުލެއްވީ,2,,
ވެރިންނީ,2,,
ކަރައިގެ,2,,
ގެގާތަށް,2,1,
ގެދަރިޔެއް,2,1,
ވަންތަވެވޮޑިގެންވެއެވެ,2,,
އެއްގެގޮތުން,2,1,1
ލެއްވުމަށްޓަކައި,2,,
ވެރިކަންމަތީ,2,,
އެދުން,2,,
ކުރާހިނދު,2,,
ތެރިކުރެއްވި,2,,
ލެއްވިނަމަ,2,,
ވެރިވުމުގެގޮތުން,2,,
ތަނަވަސް,2,,
ކުރައްވާހުށްޓެވެ,2,,
ހަލާކުކުރެއްވީމެވެ,2,,
ހަނދުމަ,2,,
ޖެއްސެވީމެވެ,2,,
ދެއްވީމުހެވެ,2,,
ފިރިހެނުންނަށާއި,2,,
ކަންހިންގަވާގޮތަށް,2,,
ތެރިކަމުން,2,,
ގެތެރެޔަށް,2,1,
ވަންތަކަމަކީ,2,,
އާއިގެންނެވެ,2,1,1
އަކަށްމެނުވީ,2,,
ދެއްވާފައިނުވާނަމަ,2,,
ކުރާތީ,2,,
ވެވަޑައިގަތެވެ,2,,
ކުރައްވައިފީހެވެ,2,,
ކަމާއެކު,2,,
ހަނދުމަކުރުމަށް,2,,
ބަހުން,2,,
އެއްގެގޮތުގައެވެ,2,1,1
ކުރާހުށީ,2,,
ލިބޭހުށީ,2,,
ނުވާމީހުންގެ,2,,
ދަންނަވާ,2,,
ވެގެންހުރެ,2,,
ލިބިގަންނާށެވެ,2,,
ކަމާއެކުގައި,2,,
ދެއްވުމުގެ,2,,
އެއްކޮށްފިމީހާ,2,1,1
ކުރިމީހުން,2,,
ވެރިކަމުންނެވެ,2,,
ވެރިގޮތުގައި,2,,
ކުރިމީހުންނެވެ,2,,
ކުރައްވާކަންތައް,2,,
ކޮށްފިއެވެ,2,,
ކުރެވިދާފަދަ,2,,
ވަންތަވެރިކަމާއި,2,,
ނުކިޔާށެވެ,2,,
ވިދާޅުވެ,2,,
މިހެން,2,,
ބާގައިމީހުންގައިވެސް,2,,
ފަރުބަދައާއި,2,,
ތެރިވަންތަ,2,1,
ވާކަމުގައެއް,2,,
ކަންތަކުން,2,,
ވެރިނުވާށެވެ,2,,
ވެރިވީމީހުންގެ,2,,
ނަބިއްޔާގެ,2,,
ހުށްޓޭ,2,,
ކޮށްފީމުއެވެ,2,,
އާހުރެ,2,1,1
އާކަން,2,1,1
ހިންގައި,2,,
ވާހަކަ,2,,
ހަނދުމަކުރާހުށިކަމެވެ,2,,
އިރާދަކުރެއްވުމުން,2,,
ވަކިކުރާ,2,,
ންނާއިއެވެ,2,,
ވެދާނެކަން,2,,
ނުވުމަކުން,2,,
ކުޅަކަމެއް,2,,
ވެރިންގެގާތަށް,2,,
ބާގައިމީހުންނާމެދު,2,,
ވެރިންގެމެދުގައި,1,1,
ވެރިންނަށްހުރި,1,,
ކުރަންއުޅޭ,1,,
ވާނެހެއްޔޭ,1,,
ންނަށްޓަކައެވެ,1,,
ލަދުވެތިވެވޮޑިގެނެއް,1,,
ކަށަވަރުކޮށް,1,,
އުވައިލާ,1,,
ވެގަންނަނީ,1,,
ދެއްވިހިނދު,1,,
ދެނެވޮޑިގެންވަމޭ,1,,
ވެރިވީއެވެ,1,,
ފުޅުތަކެއް,1,,
ވެވަޑައިގަތުމުން,1,,
ފުއްދަވާހުށީމެވެ,1,,
އޮޅުވައިނުލާށެވެ,1,,
ވަންހަނާ,1,,
ތަކުގެމަތިން,1,1,
ގެދަރިންނެވެ,1,1,
ނުކުރައްވާނޭ,1,,
ދެކެފުމަށްދާނދެން,1,,
އެރަށުގެ,1,,
ގެމީހުންނަށްޓަކައި,1,1,
ހާމަކުރައްވައި,1,,
އަލުން,1,,
ދައްކައިފާނެތެވެ,1,,
އުންމީދުތަކެއްނޫނީ,1,,
ކުރެވިގެންވާ,1,,
ފުއްދުމަށް,1,,
ލެއްވީއެވެ,1,,
އެދޭކަމުގައި,1,,
ފޮތްކަމުގައި,1,,
ދިގުވާނެނަމައޭ,1,,
ދިގުވުން,1,,
ގެނެސްދެއްވީ,1,,
ތެރިވެވޮޑިގެންވާ,1,,
ންނޫން,1,,
އެއްލައިލަނީ,1,,
އުނގަންނައި,1,,
ކަންހުރި,1,,
ނުވާށޭ,1,,
ވެރިވިނަމަ,1,,
ކުރައްވައިފި,1,,
ކުޅަދުންވަންތަވެވޮޑިގެންވާކަން,1,,
ބަޔާންވެ,1,,
ކުރެވޭނެނަމައޭ,1,,
ގެންނާށެވެ,1,,
ނުކުރައްވަނީ,1,,
އިންވެސް,1,1,
ވެވަޑައިގެންފުމަށް,1,,
ފުޅުތަކަކާއި,1,,
ލިބިގަތުމުގެ,1,,
ގެފުޅު,1,,
ކުރައްވައިފާނދޭވެ,1,,
އިހާނެތި,1,,
ހޮއްވަވައި,1,,
ވިނަމަ,1,,
މިލްކުވެވޮޑިގެންވަނީ,1,,
ވޮޑިގެނެއް,1,,
ގެފުޅާ,1,,
ވަންހަނާކުރާކަން,1,,
އަންގައިދެއްވީ,1,,
ކުރަނިކޮށް,1,,
ވެރިވެވޮޑިގެންވާ,1,,
ދޭނެތެވެ,1,,
ލައްވާހުށީމެވެ,1,,
ވެވުނުމީހުން,1,,
ދެކޭހިނދެވެ,1,,
އެއުރެންނަކަށް,1,,
ގަތް,1,,
ދުވަހަށާއި,1,,
ދީއުޅޭ,1,,
ވެރިންނަކީވެސް,1,,
ހިފުން,1,,
ތެރިވެއްޖެ,1,,
ހިފުމުގައި,1,,
އިވުމަށްފަހު,1,,
ބަދަލުކުޅަ,1,,
ބަދަލުކުރުމުގެ,1,,
މަހުގެ,1,,
ދިނުމެވެ,1,,
މަހަކީ,1,,
ވަކިކޮށްދެނިވި,1,,
ތެރިވަމުން,1,,
ލޯބިވެވޮޑިގެނެއްނުވެއެވެ,1,,
ފުރިހަމައަށް,1,,
ކަނޑައިފުމުން,1,,
ބަނދެފި,1,,
ކޮށްގެންފި,1,,
ބަނދެފިމީހާ,1,,
ވަންތަވެރިކަމެއް,1,,
ނިމޭތާނގައިވާ,1,,
ހެކިކޮށް,1,,
އުފެއްދުމަށްޓަކައި,1,,
ވެރިކަމަކަށް,1,,
ވެރިވާށޭ,1,,
ދޫކޮށްލާ,1,,
ފުޅާއި,1,,
ގެދަރިންނާ,1,1,
ބަދަލުކުރާ,1,,
ހުރިހާ,1,,
ވެރިތަކުން,1,,
ކުރަންވީ,1,,
ކުރުމީ,1,,
އަޅުއަންހެނަކުވެސް,1,,
އުފެދުމުގެ,1,,
މަސަލަސްކަން,1,,
ވަންދެން,1,,
އުފައްދަވާފައިވާ,1,,
ހަމައިން,1,,
ނުކުރެވިދާނެކަމަށް,1,,
ނުކުރެވޭނެކަމަށް,1,,
ހަމަވާން,1,,
ހަމަވެއްޖެނަމަ,1,,
ދެއްވާފައިވާގޮތަކީ,1,,
ހަމަވެއްޖައުމަށްދާނދެން,1,,
ދަތިކުރައްވަނީ,1,,
ގެފާނަށްފަހުން,1,1,
ފޮނުއްވައިފިއެވެ,1,,
އައުމެވެ,1,,
ކަމަކާއި,1,,
ނުކުމެވަޑައިގަތްހިނދު,1,,
ޔާއެކު,1,,
ބަލިކޮށްފޫއެވެ,1,,
ދީގެން,1,,
ނުކުރައްވަމުތޯއެވެ,1,,
ފަދައިންނެވެ,1,,
ވެދާނޭ,1,,
ދެއްވައެވެ,1,,
ނުދަންނަ,1,,
ކާމީހުން,1,,
ކަހަލަކަމެއް,1,,
އުނިކުރައްވައި,1,,
ނެތިކުރައްވައެވެ,1,,
ވެވިގެންވާ,1,,
ނުކޮށްފިނަމަ,1,,
ލިޔަން,1,,
ވެރިކަމާއެކު,1,,
ވެރިޔާ,1,,
ނުވުން,1,,
ކަމެކެވެ,1,,
ރައްދުކުރާ,1,,
ބައްލަވާނެއެވެ,1,,
ނުދެއްވާނދޭވެ,1,,
ތަކެއްވެސްވެއެވެ,1,1,
ތަކެއްވެސް,1,1,
އުފެއްދުމުގެ,1,,
މާނަ,1,,
ތަކެއްވެސްވަނީ,1,1,
ބަޔެކެވެ,1,,
ގަޔެވެ,1,,
ވެރިންވެސް,1,,
ވެއެއް,1,,
ކަމެއްނެތް,1,,
ދެއްވަމުއެވެ,1,,
ކުރައްވާފައިވާތީ,1,,
ލުމުގެ,1,,
އެއްކަމަށް,1,1,1
ތެދުކުރާ,1,,
ބޭކަލުންގެ,1,,
ލެއްވުމަށްއެދި,1,,
ކުރާނީއެވެ,1,,
ނުކުޅައުމެވެ,1,,
ބާވައިލައްވާފައި,1,,
އޮޅުވާލައި,1,,
ވޭތޯއެވެ,1,,
އަނބުރައި,1,,
ކުރުމެއްވެސް,1,,
ކަށަވަރުވެގެންވާ,1,,
އެންގެވިއެވެ,1,,
ދެއްވީމާ,1,,
ދޭހުށިކަމެވެ,1,,
ހިފައިފީމުހެއްޔެވެ,1,,
ތަކެތި,1,,
ކޮށްގެންދިއުމީ,1,,
ވެވޮޑިގެނެއް,1,,
ކަމަށްފަހު,1,,
ލައްވައިފާނެތެވެ,1,,
ދެއްވައިފާނެތެވެ,1,,
ނުކާށެވެ,1,,
ނުކެއުމަށް,1,,
ވެރިންނަށްއޮތް,1,,
ލޯބިވެވޮޑިގެނެއްނުވެތެވެ,1,,
ގެފާނުން,1,1,
ފުޅާލައިގެންމެނުވީ,1,,
ކުޅަކަމަށްޓަކައެވެ,1,,
އެދޭމީހުންވެސްވެއެވެ,1,,
ނޫންގޮތްތައް,1,,
ދެއްވުންފަދަ,1,,
ނުބައި,1,,
ކަނޑައަޅުއްވައިފިނަމަ,1,,
ތެރިވުމަކީ,1,,
ވީމީހާ,1,,
ދަރުމަވަންތަވެ,1,,
ބައްދަލުވި,1,,
ވަންތަކަމަށާއި,1,,
ވަންތަވެރިކަމާއިގެން,1,,
އައްސަވާވޮޑިގެންފިކަން,1,,
ކުޅަކަން,1,,
ދުވަހުންނެވެ,1,,
ލިބިގެންފިކަން,1,,
އެއްލައިލިއެވެ,1,,
ގޮތެއްގައެއް,1,,
އިޖާބަ,1,,
ހެއްދެވިއެވެ,1,,
ފުދިއްޖެނަމަ,1,,
އަންހެން,1,,
ކުދިންގެ,1,,
ކުރުމަށްފަހުގައެވެ,1,,
ކަންތައް,1,,
ލެއްވުމެއްނެތެވެ,1,,
ގިނަވެގެންވާ,1,,
ހިފާފައެވެ,1,,
ވެގެންތިބޭ,1,,
މާތްކުރައްވައި,1,,
އެންގެވި,1,,
ވެލިން,1,,
ލެއްވިފަދައިން,1,,
ލެއްވުމުގެ,1,,
ކުރުމަށްވެސް,1,,
އެކަމަކާމެދު,1,,
އިއްވަވާކަމެއްގެ,1,,
އޮތްގޮތެއް,1,,
ލިބިގަންނާން,1,,
ތެރިވުމާއި,1,,
ދެކޭނެކަން,1,,
އެބަޔެއްގެ,1,,
ތިމަންނާޔަށްވަނީ,1,,
ދެއްވާފައެވެ,1,,
ވަންތަކަމެއް,1,,
ލިބޭނެއެވެ,1,,
ލިޔުއްވަތެވެ,1,,
ލިބުން,1,,
ނެތިކުރެއްވުން,1,,
ދެއްވުމުގައިވެސް,1,,
ރައްދުކުރާށެވެ,1,,
ންނާމެދުގައި,1,,
މަގުފުރައްދަވާފައިވާ,1,,
ކޮށްފުމަށް,1,,
ކުރިއްޔާ,1,,
ލިބިގަތުމެއްގެ,1,,
އެމީހާއަށް,1,,
ކޮށްފިމީހަކަށް,1,,
ނުކުރެވޭފަދަ,1,,
މާތްކުރައްވާފައިވެއެވެ,1,,
ވެވޮޑިގެންފައިވެއެވެ,1,,
މާތްކުރެއްވިއެވެ,1,,
ކޮށްއުޅޭނެ,1,,
އާއަށްޓަކައި,1,1,1
ފުރިހަމަކޮށްފުމަށް,1,,
ވާނެނަމައޭ,1,,
ދީފާނެތެވެ,1,,
ތައްޔާރުކުރެއްވިއެވެ,1,,
ކަނޑައެޅިގެންއޮތް,1,,
އަކަށްވާނީ,1,,
ތަކަށްމެނުވީ,1,1,
އެއްކުރުމަށް,1,,
ރުހިވޮޑިގަތުން,1,,
ބަދަލުކުރުމަށްވެސް,1,,
އުންމީދު,1,,
ވުމާމެދު,1,,
ވެރިވުމަކަށް,1,,
ވުމެއްވެސްނެތި,1,,
އެދޭކަމުގައިވާ,1,,
ވުންމަތީ,1,,
ނުލައްވާނެތެވެ,1,,
ހަނދުމައެއް,1,,
ނުދެއްވާނެކަން,1,,
ދައްކަވާށެވެ,1,,
އުވައިލުމުގެ,1,,
ސިއްކަގައްސަވާފައިވެއެވެ,1,,
ދޮގެއް,1,,
ކޮށްފީމުއޭ,1,,
ހިފިކަމުގެ,1,,
އިއްވެވިފަދައިން,1,,
ގެފާނަށްވެސް,1,1,
ބޭކަލުންތަކެއް,1,,
ފާފައެއް,1,,
ފުޅެކެވެ,1,,
ވަންތައެވެ,1,,
އަކުވާ,1,,
ވާރުތަކުރާނެއެވެ,1,,
އޮތްގޮތް,1,,
ނުކަނޑާށެވެ,1,,
ތެރިކޮށްހިތައި,1,,
ކޮށްގެންދާ,1,,
ކަނޑައިފި,1,,
މެދުވެރިކޮށްގެން,1,,
ހުރިގޮތާއި,1,,
ކަންތައްތަކެކެވެ,1,,
ވެގަންނާށެވެ,1,,
ވެލީން,1,,
ތެރިވުމުގެގޮތުން,1,,
ހިއްޕެވިއެވެ,1,,
އަންގަވާނެއެވެ,1,,
ކުޅައެވެ,1,,
ދިރުވައިފި,1,,
ދިނުމަށްޓަކައި,1,,
އެމީހާގެ,1,,
އިރާދަކުރައްވާފައިނުވާ,1,,
ކުރައްވާނަމަ,1,,
އޮވެ,1,,
ވަނިކޮށް,1,,
ގޮތާ,1,,
ވުންއޮތީ,1,,
ފުޅެއްވެސް,1,,
ގެންނަވާނެތެވެ,1,,
ގައިތިބެ,1,,
ކުރަމުހެއްޔެވެ,1,,
އެބަޔަކަށް,1,,
މުދާކެއުން,1,,
ކުރިނަމަ,1,,
ލިބުނީހެވެ,1,,
އިއްވެވިކަމަކަށް,1,,
މީސްތަކުންގެ,1,,
ވިދާޅުވިއެވެ,1,,
ލިބޭނެކަން,1,,
ނުވަނީހެއްޔެވެ,1,,
ނޫންގޮތުގައި,1,,
ކޮށްގެންކުރާ,1,,
ހަނދުމަކުރުމާއި,1,,
ކުޅަނަމައެވެ,1,,
ވީނަމައެވެ,1,,
ބަދަލުހިއްޕަވާނެތެވެ,1,,
ބަނދެގެން,1,,
ގެފުޅާއި,1,,
ފުޅަށްޓަކައި,1,,
ލައްވާފައިވަނީ,1,,
ކޮށްލިޔަސް,1,,
ބާވައިލައްވާހިނދު,1,,
ބަޔާންކުރެއްވި,1,,
ލައްވައިފައެއް,1,,
ބާވާލައްވާފައިވާ,1,,
ކުރާހިނދުގައި,1,,
ވާނީއެވެ,1,,
ހަނދުމަކުރައްވާށެވެ,1,,
ސޫރައިގައި,1,,
ހެއްދެވީއެވެ,1,,
ވަންތަވެވޮޑިގަތުމަކީ,1,,
ލިބުމަކަށް,1,,
ދުރުކުރައްވާފައިވާ,1,,
ތަކާމެދުގައެވެ,1,1,
ދެއްވާނެކަމަށް,1,,
ކުޅަދުންވަންތައެވެ,1,,
ކެނޑިފައިތިބި,1,,
ކުއްލިއަކަށް,1,,
އެއުރެންގައި,1,,
އެނގޭކަމަކަށް,1,,
އިއްވަވާގޮތަށް,1,,
ކަމުގައިނުވޭ,1,,
ފޮނުއްވުން,1,,
ހަމަވުމަށްޓަކައެވެ,1,,
ކުރެއްވުންއޮތީ,1,,
ބެއްލެވުމުގައި,1,,
ތެދުބަސްފުޅުކަމަށް,1,,
ދޮގުކުޅައޫއެވެ,1,,
އެއްކުޅަ,1,1,1
އަހަރެމެންނަށް,1,,
ކުރައްވާދުވަސް,1,,
ނުކުރެއްވިނަމަ,1,,
ވާހަކަތަކުގެ,1,,
ނުކުރައްވަނީސް,1,,
ކުރައްވައިފިއޭ,1,,
ތެރިވާނެކަމަށް,1,,
އަށްވާ,1,,
ންތަކެއްކަމުގައި,1,,
ވާނެކަމަށް,1,,
ކުރާނޭގޮތެއް,1,,
ބަސްތަކުން,1,,
ނޫންފަރާތެއް,1,,
ގޮތާއިގެން,1,,
އައިސްޖެހޭހުށްޓެވެ,1,,
ކުރާނަމެވެ,1,,
ސޫފީން,1,,
ހީއާއެއްގޮތަށް,1,,
ންނަށްވީ,1,,
ސޫފިތަކާއި,1,,
ސޫފިތަކުގެ,1,,
ކުރެއްވިއިރު,1,,
އެއްޗެއްކަމުގައި,1,,
ކޮށެއްވެސް,1,,
ކުރެއްވިކަމަށް,1,,
ކަންތައްތަކާ,1,,
އައުމަށް,1,,
ވުންހުރީ,1,,
ންނާވެސް,1,,
ނުލައްވައިފިނަމަ,1,,
ވެރިވުމަށެވެ,1,,
ކުރެއްވިކަން,1,,
ކަންތައްތަކެވެ,1,,
ދެގުނައަށް,1,,
މަތީގައި,1,,
ކުރެއްވުމަށްފަހު,1,,
ތެރިވަމެވެ,1,,
ލައްވާތޯ,1,,
ތެރިޔަކީމެވެ,1,,
އަށްފަހުގައި,1,,
ވެގެންތިބިމީހުން,1,,
އަތުވެދާނެކަމާމެދު,1,,
ވެގެންނެއް,1,,
ވެރިންނަށްފަހު,1,,
ދެއްވައިފާނެކަމާއި,1,,
ވާކަށް,1,,
ތެދުފިޔަވައި,1,,
ނުދެނީސް,1,,
ތެރިޔާ,1,,
އައިސްޖެހުނުހިނދު,1,,
ވާހުށީމެވެ,1,,
ފިއްލެވިހިނދު,1,,
އުވާލާ,1,,
ބާވައިލެއްވުމަށް,1,,
ވެވޮޑިގަތްހިނދު,1,,
އާބެހޭ,1,1,1
ނުލެއްވިނަމަ,1,,
ކުރުމާ,1,,
އެއްކަމުގައިނޫނީ,1,1,1
ކުރިމަތި,1,,
ލިޔުއްވާހުށީމެވެ,1,,
ތެރިވަމުންދިޔަ,1,,
ދެއްވަންވެފައިވާ,1,,
އިއްވަނީ,1,,
ހުށަހެޅުމުގެ,1,,
ކޮށްއުޅުނުކަން,1,,
އަޑު,1,,
ގޮތުގެމަތިން,1,,
ވެރިވެއުޅޭ,1,,
ކުރާއިރު,1,,
އެނގިވަޑައިގަންނަވާ,1,,
އެތަކެއްޗަކީ,1,,
ނުކުރެއްވީ,1,,
ކިޔަވާހިނދު,1,,
މުދަލާމެދު,1,,
ހަނދުމަކުރާހިނދު,1,,
ލިބޭނެ,1,,
މުލުން,1,,
ގަދަކުރައްވައި,1,,
ނެތިކުރެއްވުމަށްޓަކައެވެ,1,,
ކުރެއްވީއެވެ,1,,
ވެގެންދިޔައީ,1,,
ގެބަސް,1,1,
ވަކިކުރުމަށް,1,,
ދެނެވޮޑިގެންފިނަމަ,1,,
މަދު,1,,
ވަކިކުރާނެ,1,,
ނުދެއްވުމަށް,1,,
އަށްޓަކާ,1,,
ވަކިވުމުގެ,1,,
ކުރެވިގެންވަނީ,1,,
ގެވާދީގެ,1,1,
ތިޔަބައިމީހުންނަށްވުރެ,1,,
ވީގޮތާ,1,,
ބައްދަލުކުރުއްވީ,1,,
ނިޔާކުރައްވާފައިވާ,1,,
އުވާލައެވެ,1,,
އިގެ,1,,
ޔާ,1,,
ގިނަވެއްޖައުމަށް,1,,
ގިނަވެ,1,,
ދެނެވޮޑިގެންވާނަމަ,1,,
ދިންމީހުން,1,,
ނުކޮށްތިބި,1,,
އެއްކޮށް,1,1,1
އުވާލާފައިވާ,1,,
ނުކުޅައްދައެއް,1,,
ފުރިހަމަކުރާށެވެ,1,,
ދީފިނަމަ,1,,
ކުރެއްވުމަކާނުލައި,1,,
ކުރުމަށްވުރެން,1,,
ވެދާނޭކަމަށް,1,,
ދީފުމަށް,1,,
ފާޅުކުރެއްވުމަށްޓަކައެވެ,1,,
ކަނޑައި,1,,
ހަމަކުޅައުމަށްޓަކައެވެ,1,,
ކަނޑަތެވެ,1,,
ނުދިނަސް,1,,
މަންފާއެއް,1,,
ހިނގާ,1,,
ނުރުއްސަވައިފިއެވެ,1,,
ކުރަމުހޭ,1,,
ވިކަމާއި,1,,
ބެއްސެވުމާމެދު,1,,
ނެރުއްވައި,1,,
ދެއްވަމެވެ,1,,
ހަނދުމަނެތި,1,,
ވެރިވެގަންނަ,1,,
ލިބުމަށްޓަކައި,1,,
ދައްކައި,1,,
ރުހިވޮޑިގެން,1,,
ވީމީހުން,1,,
ދެކެވޮޑިގެންވާނެތެވެ,1,,
ތަކުންވެސް,1,1,
ކަމަށާއި,1,,
މިސްކިތުގައި,1,,
ވެރިވުމާއި,1,,
ކަންމަތީގައި,1,,
ވެދެއެވެ,1,,
ވެރިންކަން,1,,
ތެރިޔެއްކަން,1,,
އުނގެނި,1,,
ކުރައްވާތީ,1,,
އިއްވެވިކަން,1,,
އަކަށްވީހެއްޔެވެ,1,,
ވެވޮޑިގެންވިއެވެ,1,,
ދެނެގަތުމަށްޓަކައެވެ,1,,
ދަންނަވަމެވެ,1,,
އަވަސްކޮށްދެއްވުމަށް,1,,
އަވަސްކޮށްދެއްވާނަމަ,1,,
ޖެހި,1,,
ދެނެވޮޑިގެންނުވާ,1,,
ދެނީހެއްޔެވެ,1,,
އަވަސްވެވޮޑިގަތުން,1,,
އުފައްދައި,1,,
ކަމުގައެވެ,1,,
އެއްގެގޮތް,1,1,1
ގޮތަށްފަހުގައި,1,,
ނުވާނެކަމަށް,1,,
ނޫންފަރާތަކުން,1,,
ދޮގުކުރޫއެވެ,1,,
ހެކިވެވޮޑިގަންނަވާނެތެވެ,1,,
އަކުވެއެވެ,1,,
އިރާދަކުރެއްވިކަމެއް,1,,
އައިސްޖެހުނީމާ,1,,
ތެދުތޯ,1,,
ދެއްވީހެއްޔެވެ,1,,
ންނަކާ,1,,
ވެރިވެގަތޫއެވެ,1,,
ވެގެންވާނަމަ,1,,
އިޖާބަކުރައްވައިފީމެވެ,1,,
ދެކޮޅުވެރިކަމާއި,1,,
އަތުވެއްޖެއުމަށް,1,,
ދުރުކުރެއްވީމެވެ,1,,
ކުރައްވަނީތޯއެވެ,1,,
ތިބާއަށް,1,,
އަތުވެއްޖެކަން,1,,
ހަމަވެއްޖައުމަށް,1,,
އިތުރުކުރި,1,,
ފަސްކުރައްވައިފިނަމަ,1,,
އަޔަނުދީ,1,,
ދުރުނުކުރައްވާ,1,,
ނިގުޅައިގަންނަވައިފިނަމަ,1,,
ވެރިވެފައެވެ,1,,
ގޮތެވެ,1,,
ގިނަގުނަކުރައްވާ,1,,
ކުރެވިދާނެ,1,,
ނުދެއްވާނެކަމަކަށްވެސް,1,,
އަމިއްލަފުޅަށް,1,,
ފުޅުންނެވެ,1,,
ތެރިވެވޮޑިގެންވަމެވެ,1,,
ނުލައްވާނަމަ,1,,
ކަމަކާއެކު,1,,
ގެމީހުންނަކަށްވެސް,1,1,
ހެކިކުރައްވަމެވެ,1,,
ވެގެންވުމެވެ,1,,
ބާގައިމީހުންނެވެ,1,,
ކައިއުޅޭން,1,,
މަރައިލީއެވެ,1,,
ންލެއްވި,1,,
ފުޅާމެދު,1,,
ދަންނަވަން,1,,
ކުރެއްވުންގިނަ,1,,
ކުރަނީތޯއެވެ,1,,
ލިބުމެއްނުވެތެވެ,1,,
ވަނީވެސް,1,,
ޖެހޭކަމަކަށް,1,,
ކުޅައީމުހެވެ,1,,
ތެރިޔަކީމުއެއް,1,,
އަށްވުރެވެސް,1,,
ތެރިވެގެންވަނީ,1,,
ހެޔޮލަފާ,1,,
ވެހުރި,1,,
ފުޅާއެކުގައި,1,,
ހަނދާންނެތި,1,,
ކުރާތީއެވެ,1,,
ވެގެންތިއްބައި,1,,
ކޮޅަކަށް,1,,
ފެނިވަޑައިނުގެންނެވިނަމަ,1,,
ދެއްކެވީ,1,,
ފެތުރިގެންދިޔުމުން,1,,
ގެދަރިއެއްވާ,1,1,
ހަމަކަށަވަރުން,1,,
ވެވަޑައިގަތީމެވެ,1,,
ބާވައެއްނުލައްވަތެވެ,1,,
ކުރެއްވުމެއްނެތެވެ,1,,
ފަހިކޮށް,1,,
ލައްވައިފިނަމަ,1,,
ތެރިޔަކީމުއެވެ,1,,
ލައްވަމެވެ,1,,
ވެރިވެއުޅުނު,1,,
ހެކިވެވޮޑިގެންވާނެތެވެ,1,,
ކުރެއްވިގޮތަށް,1,,
އެކަލޭގެފާނުގެ,1,,
ގެފާނަށްޓަކައި,1,1,
އިރާދަކުރެއްވުމާނުލައި,1,,
ވެރިޔެއްގެ,1,,
އަކުވެސްވަނީ,1,,
ކެނޑުނުހިނދު,1,,
ދެއްވައިފުމަށްދާނދެން,1,,
ތިމަންގެ,1,,
ބޮޑުވެއްޖެއުމަށްދާނދެން,1,,
ގެފާނުމަތިން,1,1,
ދަންނަވާކަން,1,,
އެއްވޭތޯ,1,1,1
ކަނޑައިނުލާށެވެ,1,,
ކަނޑައެއް,1,,
ގެފާނީމެވެ,1,1,
ފާފަފުއްސަވާށިއެވެ,1,,
ދޭމީހާ,1,,
ތެދެއް,1,,
ވެރިވެވަޑައިގަތަސް,1,,
ނުވެތެވެ,1,,
އާއެކުގައެވެ,1,1,1
ކެނޑި,1,,
އަނބުރާ,1,,
ކޮށްދޭ,1,,
ވެވަޑައިގަންނަވާނަމަ,1,,
އިސްވެގޮސްފައިވާކަން,1,,
އެބަޔަކު,1,,
ބަދަލެއް,1,,
ލިބެނިވިގޮތުގައި,1,,
ކުރުންވަނީ,1,,
ބެއްލެވުމެކެވެ,1,,
އުވައިނުލާ,1,,
ކަށަވަރުކުރުމަށްފަހު,1,,
އެއްގެތެރެއަށް,1,1,1
ތައްޖެހި,1,,
ނުކުރުމަށެވެ,1,,
ބެއްލެވުންވަނީ,1,,
ގެބަހުން,1,1,
ގަދަފަދަވެގެންވާކަން,1,,
ތިޔަބައިމީހުންނާ,1,,
ނުކުރަންވީ,1,,
ކުރީމެވެ,1,,
ޖެއްސެވީ,1,,
ސާބިތުކަން,1,,
ހަލާކުގެ,1,,
ލިބިގަތުމަށްޓަކައެވެ,1,,
ކުރުވުމަށް,1,,
އިހެއްނުކުރައްވާނެއެވެ,1,,
އެބޭކަލެއްގެ,1,,
ބަސްފުޅާއިގެން,1,,
ރައްކާތެރި,1,,
ކުރެވޭނެ,1,,
ނުރުހި,1,,
ކުރާކަށް,1,,
އެތަނަށް,1,,
ންތަކެއްގެ,1,,
މިދިނީ,1,,
ތެދުބަހުންނެވެ,1,,
ބަސްފުޅާއިގެންނެވެ,1,,
ވެރިންނާއިގެން,1,,
ހަމަތަކުން,1,,
ޕުޅު,1,,
ގެރަށް,1,1,
ކުރައްވާގޮތަށް,1,,
އަކުލައި,1,,
ހިމަނައި,1,,
ކުރޭ,1,,
ކުޅަގޮތުގެ,1,,
ނުފޮނުއްވާނެތެވެ,1,,
އެއުރެންނާއިގެން,1,,
ޖެހިއްޖެނަމަ,1,,
ދެވިއްޖެނަމަ,1,,
މީސްތަކުންނަށް,1,,
ރައްދުކޮށްދޭ,1,,
ފުރިހަމަކޮށްދެއްވަނީ,1,,
ދަނެތެވެ,1,,
ތެރިވުމަށާއި,1,,
އަމުރުކުރައްވަތެވެ,1,,
ކުރައްވާހުށިކަން,1,,
ވެގެންވިޔަސް,1,,
އިސްކުޅައުމުގެ,1,,
ވީމީހުންނަކަށް,1,,
ސިއްކަގައްސަވާފައިވާ,1,,
އާދެތެވެ,1,,
ންގެތެރެއިންކަން,1,,
ތެރިންނާވެސް,1,,
ފުޅެއްކަމުގައި,1,,
ނުވާމީހުންނަށް,1,,
ފުހެލެއްވީމެވެ,1,,
ވެދެތެވެ,1,,
ވެވި,1,,
ބަޔަކުކަމުގައިވާނަމަ,1,,
މޮޅަށްދެނެވޮޑިގެންވާ,1,,
ވެދާނެކަމަށް,1,,
ވެރިޔާއަށް,1,,
ވެރިޔާއަކީ,1,,
ފުއްދާށެވެ,1,,
ނުކިޔާ,1,,
ކިޔަވައިވިދާޅުވާހިނދު,1,,
ނުވާމީހުންނާ,1,,
ޖެހީ,1,,
ކުޅައޫއެވެ,1,,
ކުރާނެތޯއެވެ,1,,
ވަންތަކަމުގެތެރެއިން,1,,
ޖެހިއްޖެހިނދަކު,1,,
ކުރައްވައިފާނެކަމާމެދު,1,,
ވެރިވާނެ,1,,
ދުވަހުގައިވެސް,1,,
ނަމާދެއްގެ,1,,
ކިޔަވައިވިދާޅުވެ,1,,
ކުރަމުންދަނީ,1,,
ގެދަރިންކުރެން,1,1,
އެކިފަހަރުމަތިން,1,,
ފުޅަކުން,1,,
ކުރިޔަސް,1,,
އަކަށްވީކަމުގައި,1,,
ތެދަށް,1,,
ތަކުގެތެރެއިންނެވެ,1,1,
ކާނާއެއް,1,,
އެނގުނަދީގެން,1,,
އެނގިއްޖެނަމަ,1,,
ތެދުކަމާއި,1,,
ދެނެވޮޑިގަތުންބޮޑީ,1,,
އިރާދަކުރެއްވިއްޔާއޭ,1,,
ހިފަހައްޓަވައި,1,,
ބޮޑެވެ,1,,
އިރާދަކުރެއްވިކަމެއްވާނެއޭ,1,,
އަހުރެންގެ,1,,
ކުރުންގިނަ,1,,
އައުން,1,,
އެއްޗެއް,1,,
އަވަސްކުރެއްވީސްކަން,1,,
އެއްފަދަ,1,1,1
ވަންތޯއެވެ,1,,
އެނގިވަޑައިނުގަންނަވާ,1,,
ކޮށްލެއްވުމަށްތޯއެވެ,1,,
ކުރެއްވީތޯއެވެ,1,,
ވެރިބަޔަކާ,1,,
ތިމަންކަލޭގެފާނު,1,,
ދެކުދިންނަށް,1,,
މީހެއް,1,,
ބާގައިމީހުންނަކީ,1,,
ތެދުކަމުގައިވިއެވެ,1,,
ވެފައިވެއެވެ,1,,
ކޮށްލެއްވިއެވެ,1,,
އުފެދުނެވެ,1,,
ދިގުކުރައްވައި,1,,
ލިބުމުގެގޮތުން,1,,
އެނގުނީހެއްޔެވެ,1,,
އިތުރުކުރައްވައި,1,,
ފަސޭހަކޮށްދެއްވީ,1,,
ދެއްވުމަށާއި,1,,
ހަލާކު,1,,
ކުރެއްވިހިނދެވެ,1,,
ވަޑައިގެން,1,,
ވަޑައިގަންނަވާށެވެ,1,,
އެއްދެވޭނީ,1,1,1
ވެދާނެތީވެސް,1,,
އެކަށް,1,,
ގެމީހުންނަށްވުރެން,1,1,
ގެފާނުގެވެސް,1,1,
ތިމަންނައަށް,1,,
ނުވެވޭނެ,1,,
ލިބިދިނުމަށެވެ,1,,
ކިޔަވައިވިދާޅުވުމަށް,1,,
އިތުރުކޮށްދެއްވާނދޭވެ,1,,
ހިއްޕެވީމެވެ,1,,
ގަހާއި,1,,
ނިވާކުރައްވަން,1,,
ކޮށްލެވޭނެތެވެ,1,,
ނުވިމީހާއަށް,1,,
ލަސްކުރެއްވުމުގެ,1,,
ވީމުހެވެ,1,,
ވެރިންނަކީ,1,,
ވެރިންނެއް,1,,
ފުއްދަވައި,1,,
ގާތްވެއްޖެކަން,1,,
ފޮނުއްވަމެވެ,1,,
ހަލާކުކޮށްލަތެވެ,1,,
ނެތިހިނގައިދެތެވެ,1,,
ގެވެރި,1,1,
ދުރުނުކުރެވޭހިނދު,1,,
ކޮށްލާނެތެވެ,1,,
އިންނެވެ,1,1,
ކަމެއްކަމުގައި,1,,
ވިސްނައިދެއްވީމެވެ,1,,
ފިއްލަވައި,1,,
ގެއްލިއެއް,1,,
އަޅުންނަށެވެ,1,,
އިއްވަވާކަން,1,,
ފެންނަދުވަހު,1,,
ގަދަފަދައީއެވެ,1,,
ވެއުޅޭމީހުން,1,,
ގެދަރިޔެއްގެ,1,1,
އެއްގެމަތީގައި,1,1,1
ވެރިކަމަށް,1,,
ގެއްލުނީއެވެ,1,,
ނުދެއްވާނެކަމަށް,1,,
ވިމީހުންނާއި,1,,
ތައްކުރިމީހުން,1,,
ވެހުންނަ,1,,
ގޮތްތައް,1,,
ވެތިބޭމީހުންނަށާއި,1,,
އަދި,1,,
ސޫފީގެތެރެއިން,1,,
އަށްދަނީ,1,,
ވެރިކަމެވެ,1,,
ދެއްވައިފިއެވެ,1,,
ކުޅަދުންވަންތަކަން,1,,
ދުރުކުރެއްވުން,1,,
ދެއްވާނެކަން,1,,
ގެމީހުންވެސްމެއެވެ,1,1,
ވެރިންވެސްމެއެވެ,1,,
ބަސްފުޅުކަން,1,,
ތެރިކުރެއްވިކަމާއި,1,,
ތަކުގެތެރެއިން,1,1,
ދެއްވާކަލާނގެ,1,,
ދޭމީހުންނެވެ,1,,
އޭކިޔުނު,1,,
ގެދަރިޔަކުކަމުގައި,1,1,
ފުޅުއައިސް,1,,
އެއްގެބަޔަކު,1,1,1
އިހެއްނުކުރައްވާނެތެވެ,1,,
ގެދަރި,1,1,
ގައިވެއެވެ,1,,
ފޮނުއްވައި,1,,
ގެނެސްދެއްވީމެވެ,1,,
މާހެޔޮކަން,1,,
އަކުމެ,1,,
ވެދާނެކަމަށްޓަކައި,1,,
ނުކުރައްވާނޭކަމަށް,1,,
ވާކަމުގައިވަނީނަމަ,1,,
ވެފައިކަމަށް,1,,
ކޮށްފިމީހުން,1,,
ޖެހުން,1,,
ދޮގެކެވެ,1,,
އިއްވަވަތެވެ,1,,
ވެސްނެތް,1,,
ލިބިގެންފުމަށްދާނދެން,1,,
ދެވިއްޖައުމަށްދާނދެން,1,,
ފިރިހެނުންނަށް,1,,
ކުޅައުމުންނާއި,1,,
ދިނުމުން,1,,
އަލިކަމެއްލައްވާފައި,1,,
ކިޔަކިޔައި,1,,
އެނގިފައިވެއެވެ,1,,
ލިބެންވަނީ,1,,
އާއަށްވެސް,1,1,1
ވެރިކުރެއްވިފަދައިން,1,,
ވެރިކުރައްވާނެ,1,,
ނުކުޅައްދައިލެވޭނެކަމަށް,1,,
ނަމާދުގެ,1,,
ލިބިގަތްފަދައިން,1,,
ލިބިއްޖައުމަންދާނދެން,1,,
އާއަށްވީ,1,1,1
ދެއްވީމުއެވެ,1,,
ދުރުކުރުމަކަށް,1,,
ލިބިގަތުމަކަށް,1,,
އައުމަށްފަހު,1,,
ލަސްލަހުން,1,,
އެއްގެގޮތުގައި,1,1,1
ދަންނަ,1,,
ކުރުމުގައްޔާއި,1,,
އަށްތިބުމުގައި,1,,
ގޮތުންނޫނީ,1,,
ގިނަގުނަކުރައްވާހުށްޓެވެ,1,,
ކުޅަމީހަކު,1,,
ކޮށްފާނެކަމަށް,1,,
ގެންނަވައިބައްލަވާށެވެ,1,,
ކުރާގޮތަކީ,1,,
ވީބަޔެއްކަމުގައިވުމުގެ,1,,
ދާނެތެވެ,1,,
ގެދަރިންނަކީ,1,1,
ކިޔައިދެއްވާށެވެ,1,,
ންގެތެރެއިން,1,,
ދޭހެއްޔެވެ,1,,
ލިބޭހެއްޔެވެ,1,,
ބުނާނެތެވެ,1,,
ގަންދީބުނަމުއެވެ,1,,
ދެއްވުމެއްނުވެއެވެ,1,,
ވެގެންތިބީ,1,,
ވާނެތޯއެވެ,1,,
ބެއްލެވުމެއް,1,,
ސޫތްޕާއި,1,,
ދެއްވިޔަސް,1,,
ބަހުންނެވެ,1,,
ގެނެސްދިނީ,1,,
އެއްގައިމެ,1,1,1
ލިބިގަތްމީހުން,1,,
އުނގަންނައިދެއްވަނީ,1,,
ބަޔަކުކަމުގައި,1,,
ގެފާނަށެވެ,1,1,
އެއްކުރެއްވުނެވެ,1,,
އެތުރިގެންވެއެވެ,1,,
ކަލޭމެން,1,,
ނުކުރުމަށް,1,,
ކުރައްވާނަމެވެ,1,,
ތިމަންކަލޭގެފާނުގެ,1,,
ތެރިއަކީމެވެ,1,,
ލިބިފައިވާމީހާ,1,,
ބެހެއްޓިފައިހުއްޓައި,1,,
ކުރަނީތޯ,1,,
ލިބިފައެވެ,1,,
ނުކުރާނޫހެއްޔެވެ,1,,
އުފައްދަމުން,1,,
ބަޔަކީމުއެވެ,1,,
މަތިވެރިވެވޮޑިގެންވެއެވެ,1,,
ގައިވާކަމެއް,1,,
ފޯރީހެއްޔެވެ,1,,
ތަކުންނަށްވާ,1,1,
މަގުގައެވެ,1,,
ކިޔެވުމަށްވެސް,1,,
ވެވޮޑިގެނެއްނުވެތެވެ,1,,
ކަމުގައިތިބި,1,,
ދެއްވާފައިވާތީ,1,,
އަކަށްވެގެން,1,,
ކޮށްދެއްވުމުގެ,1,,
ކޮށްފައެވެ,1,,
ކޮށްފާނެތީ,1,,
މިއަޅާއަށްވުރެ,1,,
ފޮނުއްވުމުން,1,,
ލިބި,1,,
އަހުރެންނަށް,1,,
ނުކުރައްވާނެކަމަށް,1,,
ވެފައެއް,1,,
ކުރެއްވެވިކަމެއް,1,,
ލިބުމަށް,1,,
ފެންނަ,1,,
ވެފައިވާލެއް,1,,
ކުޅަމީހާ,1,,
ހޯދުމަށް,1,,
އަށްކަން,1,,
ތެރިވެވޮޑިގަތް,1,,
ވެރިކަމަކުންނެވެ,1,,
ހުރިހާކަމެއް,1,,
ކުޅަމީހަކަށް,1,,
ކުރުމެއްވިޔަސް,1,,
ނުކުރައްވައި,1,,
އަންނަހުށްޓެވެ,1,,
އެއްލިބިފައި,1,1,1
ދޮގެވެ,1,,
ދިނުމެއް,1,,
ކުރައްވާގޮތް,1,,
އެންމެފަހުގެ,1,,
ލެއްވުމަށް,1,,
ކަންތައްތަކަކީ,1,,
ނިކަންގެނެސްދެއްވައި,1,,
ވެރިންވީ,1,,
ންކަމުގައިވެ,1,,
ނުކުރާހުށި,1,,
އުޑުތަކާއި,1,,
ކުރީހެވެ,1,,
ކަންތަކަށް,1,,
އައިސްޖެހޭ,1,,
ކުރާމީހުންނެވެ,1,,
ދިރިއުޅުންވަނީ,1,,
ނަހައްދަވަތެވެ,1,,
މަގުފުރައްދަވައިފި,1,,
އުފެއްދެވި,1,,
ބައިބައިކޮށް,1,,
ވަންތަވެ,1,,
ދެއްވުމަކީ,1,,
ކޮށްގަނެތެވެ,1,,
ކަނޑައަޅުއްވާފައިވާގޮތަށް,1,,
ތެރިންނަށްޓަކައި,1,,
ދެއްވަމުން,1,,
ތެރިކުރެއްވިކަން,1,,
ތަކެއްކަމުގައި,1,1,
ފޮތެވެ,1,,
ވެރިއެއް,1,,
ވެރިވެވަޑައިގަންނަވާށެވެ,1,,
ންކަލޭގެފާނަށް,1,,
ދެ,1,,
ތަކަށްވުރެން,1,1,
ކަރަވީ,1,,
ވީފަރާތުން,1,,
ކޮށްފައިވިއެވެ,1,,
ދޭނެމީހަކުވެސް,1,,
މުދަލާއި,1,,
ހަނދުމަކުރާ,1,,
ހެޔޮ,1,,
އިތުރުކުރައްވާ,1,,
ވެރިވެއްޖެނަމައެވެ,1,,
އިރާދަކުރައްވާކަން,1,,
ފާފަފުއްސެވުމާއި,1,,
ފިރިހެނަކަށްވެސް,1,,
އަންހެނަކަށްވެސް,1,,
އޮތުމަކީ,1,,
ފާޅުކުރައްވާނޭ,1,,
ދެކެއެވެ,1,,
އަންހެނަކު,1,,
ނަބިއްޔާއަށް,1,,
ކޮށްދީ,1,,
ހިބަކޮށްދީފިނަމަ,1,,
ފުޅުވާ,1,,
ކުރުމަކާ,1,,
ލަދުވެތިވެވޮޑިއެއްނުގަންނަވަތެވެ,1,,
ލެއްވުންއެދި,1,,
އެއުރެންނަށްޓަކައި,1,,
ދޮގަކާއި,1,,
ކުރެވޭހުށްޓެވެ,1,,
ލެއްވުމަކުން,1,,
ލިބުމަކުން,1,,
ލިބިއްޖެއެވެ,1,,
އާއެ,1,1,1
އުފުލިއެވެ,1,,
އާވީ,1,1,1
ދޭމީހަކު,1,,
ކިޔާށެވެ,1,,
އެނގޭނަމަ,1,,
ކަމެއްގައިވާ,1,,
ދެއްވައިފި,1,,
ތަކާމެދުވެސް,1,1,
ކުޅަހިނދެވެ,1,,
ދުށްހިނދު,1,,
ކުރަމުންގެންދިޔަ,1,,
ދެއްވާނެ,1,,
ކޮށްގެންއުޅޭ,1,,
ކުރެއްވުންވީ,1,,
ތެރިވާކަން,1,,
ވެތިބުމަށެވެ,1,,
އެއްގެކުރިން,1,1,1
ހިފަހައްޓާނެ,1,,
ވެރިންގެތެރެއިން,1,,
ހަލާކުވިޔަނުދެއްވާށެވެ,1,,
ދިގު,1,,
ދިގުވެގެން,1,,
ކުރުވެގެންވެސް,1,,
ވެރިޔެއް,1,,
ވެގަންނަމީހާ,1,,
ވެގަންނަކަން,1,,
ގެފޮތް,1,1,
ނުދަންމަވަން,1,,
އިންތަކެއް,1,,
އަކަށްވުރެން,1,,
ކަންހިންގެވިގޮތަށް,1,,
ވެރިންނަށްވުރެން,1,,
ނުކުޅައްދާނެ,1,,
ކުރައްވާފައިނުވާ,1,,
ކުރާހުށީމުއެވެ,1,,
ލިބިދާހުށިކަން,1,,
ދިގުކުރައްވާ,1,,
ނިމި,1,,
ލިބޭތޯ,1,,
ފުޅުވާކަން,1,,
ކިޔަވައިވިދާޅުވާ,1,,
ކުރައްވައިބައްލަވާށެވެ,1,,
ވެވަޑައިގެންނެވީމުއެވެ,1,,
ގަސް,1,,
ގެފާނުވެއެވެ,1,1,
ވެވަޑައިގެންނެވި,1,,
ންތަކަކަށް,1,,
ންތަކުގެ,1,,
އެކަލޭގެފާނަށް,1,,
ބޮޑުވެގެންވާ,1,,
ކޮޅުގައި,1,,
ޖެހިއްޖައުމަށް,1,,
ދެއްވާނެކަމުގެ,1,,
އެއްނޫނެވެ,1,1,1
ބައްލަވާދުވަހުގެ,1,,
ގޮތެއްގައި,1,,
ލިބިގަތުމަށެވެ,1,,
ތެރިކޮށްދެއްވީމެވެ,1,,
ދެންނެވި,1,,
ވެރިންދެއްވައި,1,,
ވެރިންނަށްވާ,1,,
ހަނދުމަކުރެއްވުމެވެ,1,,
ބައްލަވާދުވަހަށް,1,,
ދެބައި,1,,
ތެރިވަންތަކަން,1,,
ވެގެންއުޅޭ,1,,
އަކުންނެވެ,1,,
ވުމަކަށް,1,,
ންތަކެއްލައެވެ,1,,
އެއްނެތިއެވެ,1,1,1
އެތަކެތިން,1,,
ވެރިންނީވެސް,1,,
ވެއްޖެމީހަކު,1,,
ވެރިވިމީހުންނަށް,1,,
ހަނދާންކުރުން,1,,
ޖެއްސެވިއެވެ,1,,
ތެރިންނަށްހުރި,1,,
އަންނަހުށީ,1,,
ތެދާއިގެން,1,,
ތެރިކަންވަނީ,1,,
ވެގެންއުޅުނު,1,,
ލިބިފައިވާކަން,1,,
ތަނަވަސްކުރައްވައި,1,,
ފެނިގެން,1,,
ތަކުންނޭވެ,1,1,
ވެއްޖައީސްކަން,1,,
ބިމުގައި,1,,
ވެރިވެގެންވާމީހުން,1,,
ތެދުކުރެއްވި,1,,
ކުރާމީހުންނަށްހުރި,1,,
ވެރިންކަމަށް,1,,
އުފުއްލަވާ,1,,
ވިކަމަށްޓަކައެވެ,1,,
ވާކަމަށްޓަކައެވެ,1,,
ވާމީހަކު,1,,
ލިބިއެއް,1,,
ފޮނުއްވަތެވެ,1,,
ވީތީއެވެ,1,,
ބަދަލުކުރައްވައިފާނެކަމަށް,1,,
ފިރިހެނަކު,1,,
އައި,1,,
މަގުފުރައްދަވަނީ,1,,
ލިބޭނެތެވެ,1,,
ގެވަގުތު,1,1,
ފުރެދުމެއްގައިމެނުވީ,1,,
ދެއްކުން,1,,
އިޖާބަކުރައްވާހުށީމެވެ,1,,
ރީތިކުރައްވައި,1,,
މަތިވެރިވެވޮޑިގެންފިއެވެ,1,,
ގިނަ,1,,
ކޮށްދެއްވާފައިވާ,1,,
އެއްކަމުގައެވެ,1,1,1
ނުދޭ,1,,
މިންވަރުކުރެއްވިއެވެ,1,,
ވެރިވާކަމުގައިވިމީހުން,1,,
ދެނެވޮޑިގެންނުވާނޭ,1,,
ދެއްކުމަށް,1,,
އަޑުނާހާށެވެ,1,,
ކިޔެވޭހިނދު,1,,
ކުރައްވާކަމުގައިވާ,1,,
ތެރިކަމެއްވާ,1,,
ވަންތަރަސްކަލާނގެ,1,,
އެއްވެސްމެއެވެ,1,1,1
ވެވުނެވެ,1,,
އަކުވާކަމަށް,1,,
ކުރުމަކަށް,1,,
ވާނެކަމަކަށް,1,,
ކުރެއްވިއަސް,1,,
އަންގަވާހުށީމެވެ,1,,
ވެރިޔެއްވެސް,1,,
ވާމީހާއަށް,1,,
ގޮތްތަކަށް,1,,
އަށްއެދި,1,,
ދެއްވާފައިނުވާ,1,,
ފުޅުނުވާނަމަ,1,,
އުފާވެރިކަމުގެ,1,,
ފުއްސަވައި,1,,
ސާބިތުކުރައްވަތެވެ,1,,
ތަނަވަސްކޮށްދެއްވައިފިނަމަ,1,,
ބާވައިލައްވަނީ,1,,
ފަތުރުއްވާ,1,,
ދޭނޭމީހަކުވެސް,1,,
ވެރިވުންގިނަ,1,,
ކުރާމީހުންނަށް,1,,
ހެޔޮކަންބޮޑެވެ,1,,
ކަންތައްތަކުން,1,,
ވެރިވެގަތްމީހާގެ,1,,
ލިބިގެންފިމީހާ,1,,
ވާމީހެކެވެ,1,,
ކުރެއްވުމުންމެނުވީ,1,,
ބާވައިނުލައްވައި,1,,
ވޭތުވެހިނގައްޖެއެވެ,1,,
ހަނދުމަކުރުމަށެވެ,1,,
ތެރިކޮށްދެއްވި,1,,
ވާނެކަން,1,,
ކުރިފަދަ,1,,
ބަޔާން,1,,
ފޮތާއި,1,,
ފޮތް,1,,
ބަހައިދެނީ,1,,
ންކުރެން,1,,
ވެވޮޑިގެންނެވި,1,,
ފިއްލަވައިފިހިނދު,1,,
އުވައިލަތެވެ,1,,
ގެފާނަށްވުރެ,1,1,
ކޮށްދިނުމާ,1,,
ނުޖަހަތެވެ,1,,
ގެދުވަހު,1,1,
ލުޔެއް,1,,
ފިއްލަވާނދޭވެ,1,,
ވާހުށީމުއެވެ,1,,
ލިބިގަންނާނީ,1,,
ފިއްލަވާހުށީމެވެ,1,,
ގަހަކީ,1,,
އޮއްސާށެވެ,1,,
ފޭރާމެވެ,1,,
ވަންތަވެރިކަމެއްގެ,1,,
ތަކަށްފަހުގައި,1,1,
ކަންމަތީ,1,,
ތެރިކޮށްދެއްވިއެވެ,1,,
އައުމަށްފަހުގައި,1,,
ލިބިފައިވުމާއެކުވެސް,1,,
އެންމެ,1,,
ވެރިވެގަތީމުއެވެ,1,,
ތެދޭ,1,,
އެއްނެތޭ,1,1,1
ކުރާބަޔަކު,1,,
ވިމީހުންނީ,1,,
ހައްދަވާފައިވާނަމަ,1,,
އެއްކަމުގައިވިއެވެ,1,1,1
ކޮށްދެއްވާނދޭވެ,1,,
ވެބަލާށެވެ,1,,
ނުދިނީ,1,,
ގޮތަށާއި,1,,
ތެދުކަމުގައި,1,,
ބަސްފުޅުކަމަށް,1,,
ބަސްފުޅަށް,1,,
ނެގުމެވެ,1,,
ލިބުނީސްކަން,1,,
ހަލާކުފޮނުއްވައި,1,,
ވޮޑިގެންވާކަމުންނެވެ,1,,
ކަމެއްނުވާ,1,,
ތެރިކޮށްދެއްކިއެވެ,1,,
ކޯފާވެވޮޑިގެންވާމަގަށް,1,,
ފާޅުނުކުރައްވާނެކަމަށް,1,,
ފުއްސަވައިދެއްވުމަށްޓަކައެވެ,1,,
ކަލޭގެފާނުގެ,1,,
ހިފާމީހުން,1,,
ހިފާކަންކަށަވަރީ,1,,
އުވާލައިފިމީހާ,1,,
އުވައިލާކަންކަށަވަރީ,1,,
ފުއްދައިފިމީހާ,1,,
އަންގަވާފައިވަނީ,1,,
ވެރިވަނީއެވެ,1,,
ވުމަށެވެ,1,,
ހިފާހިނދު,1,,
ރުހިވޮޑިގެންފިއެވެ,1,,
މުދާތައްވެސްމެއެވެ,1,,
މުދާތަކެއް,1,,
އެކަން,1,,
އަންހެނުންތަކެއް,1,,
ދެއްވީހެވެ,1,,
ވެރިންކަމުގައިވޫއެވެ,1,,
ފާޅުކުރައްވައި,1,,
ތެރިބަޔެކެވެ,1,,
އޭގެ,1,,
ކުރުވަމުންނެވެ,1,,
ވެދާނެތީއެވެ,1,,
ހޯދާށެވެ,1,,
ވަންތަވެރިކަމަކާއި,1,,
ވެރިގޮތުން,1,,
ނުބުނާށެވެ,1,,
ކަމާމެދު,1,,
ވީކަމަށް,1,,
ވީކަމަށްޓަކައި,1,,
ވުމެކެވެ,1,,
އަކުނެތި,1,,
ކަމެއްގައިވީމުއެވެ,1,,
އާދެކޮޅުހަދާ,1,1,1
ލިބިލިބިއެވެ,1,,
ތަކުގައިވެސްމެއެވެ,1,1,
ކުރައްވާހާ,1,,
ރައްދުކުރެއްވިއެވެ,1,,
ދެއްވޫއެވެ,1,,
އައްސަވައި,1,,
އަތުލައްވައި,1,,
ވެރިވޫއެވެ,1,,
އަވަސްވުންއެދި,1,,
ވާހަކައިގައި,1,,
ވުމާއެކު,1,,
މަރުވެދިޔުމަށް,1,,
ވެރިކަމެއްވިޔަސް,1,,
ބަސްފުޅުތަކެއް,1,,
ފޮރުވައިލި,1,,
އެއްވެސްބާރެއް,1,,
ވާކަމުގައި,1,,
ލިބިފައިވަނީ,1,,
ކުރައްވަނީވެސް,1,,
ންފަދަ,1,1,
ހިމެނިގެންވާ,1,,
ގެމީހުންވެސް,1,1,
ބާގައިމީހުންވެސް,1,,
ބާވައިލެއްވީހެއްޔެވެ,1,,
އަންނަދުވަހު,1,,
ދެރަކުރައްވައި,1,,
އުނގަންނައިދެއްވިއެވެ,1,,
ތަކުންނަށްޓަކައި,1,1,
ފައިދާވެ,1,,
ތެރިކުރައްވައި,1,,
ވެއްޖެހިނދެވެ,1,,
ގަހުން,1,,
ދެއްވިކަމުގެ,1,,
ވެރިންކަމުގައި,1,,
ހިއްޕަވާފައިވެއެވެ,1,,
ވުމުގެކުރިން,1,,
ހަނދުމަކުރުމަށާއި,1,,
ބަސްފުޅުގެ,1,,
ކޮށްފައިވެއެވެ,1,,
ގައިވަނީ,1,,
ތަކަށްވިޔަސް,1,1,
ދެނީ,1,,
އައްސަވާވޮޑިގެންފިއެވެ,1,,
އައްސަވާވޮޑިގަންނަވަތެވެ,1,,
ބަހެކެވެ,1,,
ދެއްވާގޮތެވެ,1,,
އެކަންތައްތައް,1,,
ވޮޑިގެންނުވާ,1,,
ނުދެއްވަނީ,1,,
ލިބިގެންވާމީހުން,1,,
ދަރަޖަތަކަކަށް,1,,
ދެންނެވުމުގެ,1,,
ކަންބޮޑުމެއެވެ,1,,
ލައްވައިފިހިނދު,1,,
އާވަނީ,1,1,1
ހަނދުމަކުރުން,1,,
ގެމީހުންނީ,1,1,
ދެއްވައިފީހެވެ,1,,
މުދަލުގެ,1,,
ވޭވެ,1,,
މުދަލުގައި,1,,
ވެތިބި,1,,
ދޭހުށީމުއެވެ,1,,
އަށްވުރެން,1,,
ބާވައިލެއްވިނަމަ,1,,
ވަންތަވެވޮޑިގެންވެތެވެ,1,,
އެކުވެރިކަން,1,,
ތިޔަބައިމީހުންނަކަށް,1,,
ންގެގާތަށް,1,,
ހިފުމަށް,1,,
ނުކުޅައުމަށާއި,1,,
ދޮގު,1,,
ކުދިން,1,,
ހިއްޕަވާށެވެ,1,,
ކޯފާލައްވާފައިވާ,1,,
މަތިވެރި,1,,
ނުކުރި,1,,
އަޑުއެހުމާއި,1,,
އާކަމަށް,1,1,1
ކުރުވަތެވެ,1,,
ތެރިންނެވެ,1,,
އަންނަހިނދު,1,,
ހުރީވެސް,1,,
ގެދަރިންތަކެއް,1,1,
ފުޅަށްމެނުވީ,1,,
ތެރިންވެއެވެ,1,,
ގުނާހަމަކުރާށެވެ,1,,
އެހެންގޮތެއް,1,,
ހަމަވުމާ,1,,
ދަތިކުރައްވާފައިވާ,1,,
ފުޅަށާއި,1,,
ބައްލަވައި,1,,
ކަނޑައަޅުއްވައިފިއެވެ,1,,
އެންގެވީ,1,,
ންވެސްމެއެވެ,1,,
ނިކަމެތިނުކުރައްވާނެ,1,,
ފުޅުތަކާއި,1,,
ތައްޔާރުކުރެއްވީމެވެ,1,,
ކުރާކަމުގައިވީނަމަ,1,,
ންނުވެއެވެ,1,,
ތިމަންކަލޭގެފާނާއި,1,,
ލެއްވިނަމަވެސް,1,,
ބުނެހަދާ,1,,
ފެނުނުހިނދު,1,,
ނުކިޔަނީ,1,,
ދޮގުކުރާމީހުން,1,,
ވަނީހެއްޔެވެ,1,,
ކުރިމަތިލާންޖެހޭނެކަން,1,,
އަކަށްއެދި,1,,
ންނަށްޖެހޭނޭ,1,,
ދުރުކޮށްދޭނޭ,1,,
ތެރިޔަކާމެދު,1,,
އެއްވާ,1,1,1
ކަންދެއްވިއްޔާމެނުވީ,1,,
ކުރައްވާކަމުގައިވީ,1,,
ތެރިކަމަށް,1,,
ތަކަކުންނެވެ,1,1,
އިއްވަވައިފިއެވެ,1,,
މަގުދައްކަނީ,1,,
ތެދުމަގަށެވެ,1,,
ހޯދަން,1,,
ނުކުޅައްދައި,1,,
ގެއަޑު,1,1,
ކޮށްފޫއެވެ,1,,
ތަނަވަސްކުރެއްވުން,1,,
ގާތްވެއްޖެކަމެއްވެސް,1,,
ގެދަރިންގެ,1,1,
ނުލައްވަމެވެ,1,,
ނުކުރުމަށްޓަކައެވެ,1,,
ތެރިވާމީހުންގެ,1,,
ކަންލިބި,1,,
ލިބިވަޑައިގަތުން,1,,
ކުރެއްވުމާއި,1,,
ކިޔަވައިވިދާޅުވުމުގެ,1,,
ބަޔާންކޮށްދެއްވުން,1,,
ދޫކޮށްލަމުއެވެ,1,,
ކަމުގައިވިއެވެ,1,,
ފުޅަށްޓަކައެވެ,1,,
ފޭރާމާއި,1,,
ފޭރާމުން,1,,
ބުއިމެއް,1,,
ވަކިވަކިކޮށް,1,,
ނެތިކުރެއްވުމަށާއި,1,,
ހަދައިބަލާށެވެ,1,,
ކޮށްއުޅޭށޭ,1,,
ވާހަކަތަކެއް,1,,
ތެދުބަހެއް,1,,
ފުޅުތަކާއިގެން,1,,
ބިމުގައެވެ,1,,
ވާދީގައި,1,,
އަމިއްލަ,1,,
ކޮށްދެއްވުމަކީ,1,,
ވެވަޑައިގަންނަވަމުއެވެ,1,,
ބެއްލެވުމަކުން,1,,
ބައްލަވާނެތެވެ,1,,
ކިޔަވައިދެވޭހިނދު,1,,
ވާކަމަށްޓަކައި,1,,
ތައްކުޅަމީހުންނަށް,1,,
ކުރައްވާނީވެސް,1,,
ބާގައިގެ,1,,
ބާގައިމީހުންނާ,1,,
ދެއްވައިފިހިނދު,1,,
ދަތިކުރައްވައިފިހިނދު,1,,
ބެހެއްޓުމަށް,1,,
ފުރިހަމަކުރެއްވި,1,,
ވެގަތުމަށްޓަކައި,1,,
ވެވަޑައިގެންވަނިކޮށް,1,,
ގަންދެއްވަމެވެ,1,,
ވޮޑިގެންނުވޭހެއްޔެވެ,1,,
ކުރިނަމަވެސް,1,,
ދެކެވޮޑިގެންވާކަން,1,,
ވިލޭރޭގައެވެ,1,,
ވިލޭރެޔަކީ,1,,
ވިލޭރޭ,1,,
ފުޅަކާއިގެން,1,,
ވިމީހުންވަނީ,1,,
ކުރެއްވީތީއެވެ,1,,
ބުނެ,1,,
ވަންހައިގެ,1,,
އަތުވެއްޖެ,1,,
ހަދާމީހުން,1,,
ވެރިވެއްޖެހިނދު,1,,
